ID,DLS,MLS,VEB,LAB,DOS,DES,DOB,DFD,CES,CPB,CAD,AFS,AES,AFD,OPB,NAB,HES,NOS,SOS,LAS
GPA7,0,0,0,0,0,1,0,0,1,0,0,0,1,0,0,1,0,0,0,0
GPA8,0,0,0,0,0,1,0,0,1,0,0,0,1,0,0,1,0,0,0,0
GPB1,0,0,0,0,0,1,0,0,1,0,0,0,1,0,0,1,0,0,0,0
GPB3,0,0,1,0,1,1,0,0,0,0,0,0,0,0,1,1,0,0,1,0
GPB4,0,0,0,0,0,1,0,1,0,0,0,0,0,0,0,1,0,0,1,0
GPB7,0,0,1,0,0,1,0,0,0,1,0,0,0,0,1,1,0,0,1,0
GPB8,0,0,1,0,0,1,0,0,0,1,0,0,0,0,1,1,0,0,1,0
GPB9,0,0,1,0,0,1,0,0,0,1,0,0,0,0,1,1,0,0,1,0
GPC1,0,0,0,1,1,1,0,0,0,1,0,0,0,0,1,1,0,0,1,0
GPC2,0,0,1,0,0,1,0,0,0,1,0,0,0,0,1,1,0,0,1,0
GPC3,0,0,0,1,1,1,0,0,0,0,1,0,1,NA,1,1,0,0,1,0
GPC9,0,0,0,0,1,0,0,0,0,0,0,0,0,0,0,0,0,0,0,0
GPD6,0,0,0,0,0,1,0,1,0,0,1,0,0,1,0,0,0,0,0,0
GPD7,0,0,0,0,0,1,0,1,0,0,1,0,0,1,0,0,0,0,0,0
GPD8,1,1,0,0,1,1,0,0,0,0,0,0,0,0,0,0,1,0,0,0
GPD9,1,1,0,0,1,1,0,0,0,0,0,0,0,0,0,0,1,0,0,0
GPE1,1,1,0,0,1,1,0,0,0,0,0,0,0,0,0,0,1,0,0,0
GPE2,1,1,0,0,1,1,0,0,0,0,0,0,0,0,0,0,1,0,0,0
GPE3,1,1,0,0,0,1,0,0,0,0,0,0,0,0,0,1,1,0,0,0
GPF3,0,0,0,0,0,1,0,0,0,0,0,0,0,0,0,0,0,0,0,0
GPF4,0,0,0,0,0,1,0,0,0,0,0,0,0,0,1,0,0,0,0,0
GPF5,0,0,1,0,1,1,0,0,1,0,0,0,1,0,1,1,0,0,1,0
GPF6,0,0,1,0,0,1,0,1,0,0,1,0,0,0,1,1,0,0,0,0
GPG2,0,0,0,0,0,1,1,0,0,0,0,1,1,0,0,0,0,0,0,0
GPG5,0,0,0,0,1,1,1,0,1,0,0,1,1,0,0,0,0,0,0,0
GPG6,0,0,0,0,1,1,1,0,0,0,0,1,1,0,0,0,0,0,0,0
GPG9,0,0,0,0,0,1,0,1,1,0,1,0,0,0,0,0,0,0,0,0
GPH1,0,0,1,0,0,0,0,0,0,0,1,0,0,1,0,1,0,0,0,0
GPH4,0,0,1,0,0,1,0,1,0,0,1,0,0,0,1,1,0,0,0,0
GPH6,1,1,1,0,0,1,0,1,1,0,1,0,1,1,1,1,1,1,1,0
GPH8,0,0,1,0,0,1,0,0,0,0,0,0,0,0,1,1,0,0,1,0
GPI1,0,0,1,0,0,1,0,1,0,0,0,0,0,0,1,1,0,0,1,0
GPI3,0,0,1,0,0,1,0,1,0,0,1,0,1,0,1,1,0,0,1,0
GPI4,0,0,1,0,1,0,0,1,0,0,0,0,0,0,1,1,0,0,0,0
GPI5,0,0,1,0,0,1,0,1,0,0,1,0,0,0,1,1,0,0,1,0
ILA1,0,0,0,0,0,1,0,0,1,0,0,0,1,1,1,1,1,1,1,0
ILA2,0,0,0,0,1,1,0,1,1,0,1,0,0,1,1,1,0,0,0,0
ILA3,0,0,1,0,0,1,0,1,1,0,1,0,0,1,1,1,0,0,0,0
ILA4,0,0,0,0,1,1,0,1,1,0,1,0,0,1,1,1,0,0,0,0
ILA5,0,0,1,0,0,1,0,1,1,0,1,0,0,1,1,1,0,0,0,0
ILA6,0,0,1,0,1,1,0,0,1,0,1,0,0,1,1,1,0,0,0,0
ILC2,0,0,1,0,0,1,0,0,1,0,1,0,1,1,1,1,0,0,0,0
ILC3,0,0,1,0,0,1,0,1,1,0,1,0,1,1,1,1,0,0,0,0
ILC4,0,0,1,0,0,1,0,1,1,0,1,0,1,1,1,1,0,0,0,0
ILC5,0,0,1,0,0,1,0,1,1,0,1,0,1,1,1,1,0,0,0,0
ILC6,0,0,1,0,0,1,0,1,1,0,1,0,1,1,1,1,0,0,0,0
ILD4,0,0,0,0,0,1,0,0,0,0,1,0,1,1,1,0,1,0,0,0
ILD5,0,0,0,0,0,1,0,1,0,0,1,0,1,1,1,0,1,0,0,0
ILD6,0,0,0,0,0,1,0,1,0,0,1,0,1,1,1,0,1,0,0,0
ILD7,0,0,0,0,0,1,0,1,1,0,1,0,1,1,0,0,0,0,0,0
ILE7,0,0,0,0,0,0,0,1,0,0,1,0,0,1,1,0,0,0,0,0
ILE8,0,0,0,0,0,0,0,1,0,0,1,0,0,1,1,0,1,0,0,0
ILE9,0,0,0,0,0,0,0,1,0,0,1,0,0,1,1,0,0,0,0,0
ILF1,0,0,0,0,0,0,0,1,0,0,1,0,0,1,1,0,1,0,0,0
ILF2,0,0,0,0,0,0,0,0,0,0,1,0,0,0,1,0,0,0,0,0
ILH3,0,0,0,1,0,1,0,0,0,1,0,0,0,0,0,1,0,0,0,0
ILH4,1,1,0,0,1,1,0,0,1,0,0,0,0,0,0,1,0,0,0,0
ILH5,1,1,0,0,1,1,0,0,1,0,0,0,0,0,0,1,0,0,0,0
ILH6,1,1,0,0,1,1,0,0,1,0,0,0,0,0,0,1,0,0,0,0
ILH7,1,1,0,0,1,1,0,0,1,0,0,0,1,0,0,1,0,0,0,0
ILH8,1,1,0,0,0,1,0,0,1,0,0,0,1,0,0,1,0,0,0,0
IMA3,0,0,0,1,0,1,0,1,0,0,1,0,0,1,0,0,1,0,0,0
IMA5,0,0,1,0,0,1,0,1,1,0,1,0,1,0,0,0,0,0,1,0
IMA7,0,0,1,0,1,1,0,0,0,0,0,0,1,0,0,0,0,0,0,0
IMB1,0,0,1,0,1,1,0,0,0,0,0,0,0,0,1,0,0,0,0,0
IMB7,0,0,0,0,0,1,0,0,1,0,0,0,0,0,1,0,0,0,0,0
IMB8,0,0,0,0,0,1,0,0,0,0,0,0,0,0,0,0,0,0,0,0
IMC2,0,0,1,0,1,1,0,0,0,1,0,1,1,0,0,1,1,0,0,1
IMD3,1,1,0,0,0,1,0,1,0,0,1,0,0,1,0,1,0,0,0,0
IMD5,1,1,0,0,0,1,0,1,0,0,1,0,0,1,0,1,0,1,0,0
IMD6,0,0,1,0,0,1,0,1,0,0,0,0,0,0,0,1,0,0,1,0
IMD7,0,0,0,0,0,0,0,1,0,0,0,0,0,0,0,0,0,0,0,0
IMD8,0,0,0,0,0,0,0,1,0,0,0,0,0,0,0,0,0,0,0,0
IMD9,0,0,0,0,0,0,0,1,0,0,1,0,0,0,0,0,0,0,0,0
IME3,0,0,0,0,0,1,0,1,0,0,1,0,0,1,0,1,0,0,1,1
IME4,0,0,1,0,0,1,0,1,1,0,1,0,1,1,0,1,0,0,1,1
IME7,0,0,0,1,0,1,0,0,0,0,0,0,0,0,1,1,0,0,1,0
IME8,0,0,1,1,0,1,0,0,0,0,0,0,0,0,0,1,0,0,1,0
IME9,0,0,0,0,0,0,0,0,0,0,0,0,0,0,0,0,0,0,0,0
IMF1,0,0,0,0,0,1,0,0,0,0,0,0,0,0,0,1,0,0,0,0
IMF2,0,0,0,0,0,1,1,1,1,0,1,0,1,0,1,1,1,1,1,0
IMF3,0,0,1,0,0,1,0,1,1,0,0,0,1,1,1,1,0,0,1,0
IMF4,0,0,0,0,0,1,0,1,1,0,1,0,1,1,0,0,0,0,0,0
IMF9,0,0,0,0,0,1,0,1,0,0,0,0,0,0,1,0,0,0,1,0
IMG3,0,0,0,0,1,1,0,0,0,0,0,0,0,0,1,0,0,0,1,0
IMG4,0,0,0,0,1,1,0,0,0,0,0,0,0,0,1,0,0,0,1,0
IMG6,0,0,0,0,0,1,0,1,1,0,0,0,0,0,1,0,0,0,0,0
IMG8,0,0,0,0,0,1,1,0,1,0,1,0,0,0,1,1,1,1,0,0
IMG9,0,0,0,0,0,0,0,1,1,0,1,0,0,0,0,0,0,0,0,0
IMH1,0,0,0,0,0,0,0,1,1,0,1,0,0,0,0,0,0,0,0,0
IMH8,0,0,0,0,1,1,0,0,1,0,0,0,1,0,1,0,0,0,0,0
IMH9,0,1,0,0,1,1,0,0,1,1,0,0,1,0,0,0,0,0,0,0
IMI1,0,1,0,0,1,1,0,0,1,0,0,0,1,0,0,0,0,0,0,0
IMI3,0,0,1,0,0,1,0,0,0,0,0,0,0,0,0,1,0,0,1,0
IMI9,0,0,0,1,0,1,0,1,0,1,1,0,0,0,0,1,0,0,1,0
INA1,0,0,0,0,0,1,0,0,0,0,0,0,0,0,0,0,0,0,0,0
INA4,1,1,1,0,0,1,0,1,1,0,0,0,0,0,1,1,1,1,1,1
INA7,0,0,0,0,0,1,0,1,0,0,1,0,0,1,1,0,0,0,0,0
INA8,0,0,0,0,0,1,0,0,1,0,0,0,0,0,1,0,0,0,0,0
INB3,0,0,0,0,0,1,0,0,0,0,0,0,1,0,0,0,0,0,0,0
INB8,0,0,1,0,0,1,0,1,1,0,1,0,0,1,0,1,1,1,1,0
INB9,1,1,1,0,0,0,0,1,1,0,1,0,1,1,NA,1,1,1,1,0
INC2,1,1,0,0,0,1,0,1,1,0,0,0,0,0,0,0,1,1,1,0
INC6,1,1,1,0,1,1,0,0,1,0,1,0,1,0,0,0,1,1,0,0
IND2,0,0,0,0,0,0,0,0,0,0,0,0,0,0,0,0,0,0,0,0
IND3,0,0,0,0,0,0,0,0,0,0,1,0,0,0,0,0,0,0,0,0
IND4,0,0,0,0,0,0,0,0,0,0,0,0,0,0,0,0,0,0,0,0
IND5,0,0,0,0,0,0,0,0,0,0,0,0,0,0,0,0,0,0,0,0
INE1,0,0,1,0,0,1,0,0,0,0,0,0,0,0,1,1,0,0,1,0
INE2,0,0,1,0,0,1,0,0,0,0,0,0,0,0,1,1,0,0,1,0
INE3,0,0,0,0,0,0,0,0,1,0,0,0,0,0,0,0,0,0,0,0
INE5,0,0,1,0,0,1,0,0,0,0,0,0,0,0,0,1,0,0,0,0
INE7,0,0,0,1,0,1,0,1,1,0,0,0,1,0,1,0,0,0,0,0
INF4,0,0,0,0,0,1,0,0,0,1,0,0,0,0,0,0,0,0,0,0
INF5,0,0,0,0,0,1,0,0,0,0,0,0,0,0,0,0,0,0,0,0
INF7,0,0,0,0,0,1,0,0,0,0,0,0,0,0,0,0,0,0,0,0
ING1,0,0,0,0,0,1,0,0,0,0,0,0,0,0,0,0,0,0,0,0
ING4,0,0,0,0,0,0,0,1,0,0,1,0,0,0,1,0,0,0,0,0
ING6,0,0,0,0,0,1,0,0,0,0,0,0,0,0,1,1,1,1,1,0
ING8,0,0,0,0,0,1,0,0,1,0,1,0,0,1,0,1,1,NA,1,0
ING9,0,0,0,0,0,1,0,1,0,0,1,0,0,1,1,0,1,0,1,0
INH1,0,0,0,0,0,0,0,0,0,0,1,1,0,0,0,0,0,0,1,0
INH2,0,0,0,0,1,0,0,0,0,0,0,1,0,0,0,0,0,0,1,0
INH3,0,0,0,0,1,0,0,0,0,0,0,1,0,0,0,0,0,0,1,0
INH4,0,0,0,0,1,1,0,0,0,0,0,0,0,0,0,0,0,0,0,0
INI2,0,0,1,0,0,0,0,0,0,0,0,0,0,0,1,1,0,0,1,0
INI3,0,0,NA,0,1,1,0,0,0,0,0,0,0,0,1,1,1,0,1,0
INI6,0,0,1,0,0,1,1,0,0,0,0,0,0,0,1,0,0,0,1,0
INI8,0,0,1,0,1,1,0,0,0,0,1,0,0,0,1,1,0,0,1,0
IOA1,1,1,0,0,1,1,0,0,1,0,1,0,0,0,0,0,1,0,0,0
IOA2,1,1,0,0,1,1,0,0,0,0,1,0,0,0,0,0,0,0,0,0
IOA5,1,1,0,0,1,1,0,0,1,0,1,0,1,0,1,0,1,1,0,0
IOA8,1,1,0,0,1,1,0,0,1,0,0,1,1,0,1,0,1,1,0,0
IOB9,0,0,1,0,0,1,0,1,1,0,1,0,1,1,0,1,1,1,1,0
IOC1,1,1,0,0,0,1,0,1,0,0,1,0,0,1,1,1,0,1,0,0
IOC4,0,0,1,0,0,1,0,1,1,0,1,0,0,1,0,1,0,0,1,0
IOC5,0,0,1,0,0,1,0,1,1,0,1,0,0,1,1,1,0,0,1,0
IOC7,0,0,0,1,0,1,0,1,1,0,1,0,1,1,1,0,0,0,0,0
IOE4,0,0,0,0,0,1,0,1,1,0,1,1,0,1,0,0,0,0,0,0
IOE6,0,0,0,1,0,1,0,1,1,0,1,0,0,0,0,1,0,0,0,0
IOE7,0,0,0,1,0,1,0,1,1,0,1,0,1,0,1,0,0,0,0,0
IOF2,0,0,0,0,1,1,0,0,0,0,0,0,1,0,0,0,0,0,0,0
IOF3,0,0,0,0,1,1,0,0,0,0,0,1,1,0,1,0,0,0,0,0
IOF4,0,0,0,0,1,1,0,0,0,0,0,1,1,0,1,0,0,0,0,0
IOF5,0,0,0,0,1,1,0,0,0,0,0,1,1,0,1,0,0,0,0,0
IOF6,0,0,0,0,1,1,0,0,0,0,0,1,1,0,1,0,0,0,0,0
IOF8,0,0,0,0,1,1,0,0,0,0,0,1,0,0,0,0,0,0,1,0
IOF9,0,0,0,0,1,1,0,0,0,0,0,1,1,0,1,0,0,0,1,0
IOG3,0,0,0,0,1,1,0,0,1,0,0,0,1,0,0,0,0,0,1,0
IOG4,0,0,0,0,1,1,0,0,0,0,0,0,1,0,0,0,0,0,0,0
IOG5,0,0,0,0,1,1,0,0,1,0,0,1,1,0,0,0,0,0,0,0
IOG7,0,0,0,0,1,1,0,0,1,0,0,0,1,0,0,0,0,0,0,0
IOH5,0,0,0,0,0,1,0,1,1,0,1,0,1,0,0,0,0,0,0,0
IOH7,0,0,0,0,1,1,1,0,1,0,1,0,1,1,1,0,0,0,0,0
IOH8,0,0,0,0,1,1,0,0,1,0,0,0,1,0,0,0,0,0,0,0
IOI1,0,0,0,0,1,1,0,0,1,0,0,0,1,0,0,0,0,0,0,0
IOI3,0,0,0,0,1,1,0,0,1,0,0,1,1,0,0,0,0,0,0,0
IOI5,0,0,0,0,1,1,0,0,1,0,0,0,0,0,0,0,0,0,0,0
IOI6,0,0,0,0,1,1,0,0,1,0,0,0,1,0,0,0,0,0,0,0
IOI9,0,0,0,0,0,1,0,0,1,0,0,0,1,0,1,1,0,0,1,0
IPA1,0,0,0,1,1,1,0,0,1,0,0,0,0,0,1,1,0,1,0,0
IPA3,0,0,0,0,0,1,1,0,1,0,1,0,0,1,1,0,1,1,1,0
IPA8,0,0,0,0,0,1,0,1,1,0,0,0,1,0,0,0,0,0,0,0
IPB1,0,0,0,1,0,1,1,0,0,0,0,0,1,0,0,0,0,0,0,0
IPB3,0,0,1,0,0,1,0,1,0,0,1,0,0,1,1,0,1,0,0,0
IPB4,0,0,0,0,0,1,0,1,1,0,1,0,1,1,0,0,0,0,0,0
IPB7,0,0,1,0,0,1,0,1,1,0,1,1,1,1,1,1,0,0,0,0
IPB8,0,0,1,0,0,1,0,1,1,0,1,0,1,0,0,1,0,0,0,0
IPC9,0,0,0,0,1,1,0,0,0,0,0,1,0,1,1,0,0,0,0,0
IPD1,0,0,0,0,0,1,0,0,0,0,0,0,0,0,0,0,0,0,0,0
IPE2,0,0,1,0,0,1,0,1,0,0,0,0,0,0,1,0,1,0,0,0
IPE5,0,0,0,1,0,1,0,1,1,0,1,0,1,1,0,1,0,0,1,0
IPE8,0,0,0,0,1,1,0,1,0,0,0,1,1,0,1,0,0,0,1,0
IPG2,0,0,0,1,1,1,0,0,0,0,1,1,1,0,1,0,0,0,0,0
IPG7,0,0,1,0,0,1,0,1,1,1,1,0,1,1,1,1,0,1,1,0
IPG9,0,0,0,1,1,1,1,0,1,0,0,0,1,0,1,0,0,0,0,0
IPH4,0,0,0,0,0,1,1,0,0,0,0,0,1,0,1,0,0,0,0,0
IPH5,0,0,0,0,0,1,1,1,1,0,1,0,1,0,1,0,0,0,1,0
IPI1,0,0,1,0,0,1,0,1,1,0,0,0,1,1,1,1,1,0,0,0
IPI4,0,0,0,1,0,1,0,1,1,0,1,0,1,1,1,0,0,0,0,0
IPI5,0,0,0,1,0,1,0,1,1,0,1,0,1,1,1,0,0,0,1,0
IPI7,0,0,0,1,0,1,0,1,1,0,0,0,1,0,1,0,0,0,0,0
IQA6,0,0,0,1,0,1,1,0,1,1,0,0,1,1,1,0,0,0,0,0
IQA7,0,0,0,0,0,1,0,1,1,0,1,0,0,0,1,0,1,0,0,0
IQB4,0,0,0,1,0,1,0,1,0,0,1,0,0,1,0,0,0,0,0,0
IQB5,0,0,0,1,0,1,0,1,1,0,1,0,0,0,0,0,0,0,0,0
IQD6,0,0,0,0,1,1,1,0,1,0,1,1,1,0,1,0,0,0,0,0
IQD7,0,0,0,0,0,1,0,1,1,0,1,0,1,1,0,0,0,0,0,0
IQE1,1,1,0,0,0,1,0,1,0,0,0,0,0,0,0,0,0,0,0,0
IQE3,0,0,0,0,1,1,0,0,0,0,0,1,1,0,0,0,0,0,0,0
IQE7,0,0,0,0,1,1,0,0,0,0,0,1,1,0,0,0,0,0,0,0
IQF2,0,0,0,0,1,1,0,0,0,0,1,1,1,0,0,0,0,0,0,0
IQF3,0,0,0,0,0,1,0,1,0,0,0,0,1,1,0,0,0,0,0,0
IQF6,0,0,0,0,0,1,1,0,1,0,1,0,1,0,1,1,1,1,0,0
IQF8,0,0,0,0,0,1,0,1,1,0,1,0,1,1,0,0,0,0,0,0
IQF9,0,0,0,0,1,1,0,0,0,1,0,1,1,0,1,0,NA,0,0,0
IQG1,0,0,0,0,1,0,0,0,0,0,0,0,1,0,0,0,0,0,0,0
IQG3,0,0,0,0,1,1,0,0,0,0,0,1,1,0,0,0,0,0,0,0
IQG4,0,0,0,0,1,1,0,0,0,0,0,0,1,0,0,0,0,0,0,0
IQG8,0,0,1,0,0,1,0,0,0,0,0,0,0,0,1,1,0,0,0,0
IQH2,0,0,0,0,1,1,0,0,0,0,0,1,1,0,0,0,0,0,0,0
IQH6,0,0,0,0,0,1,0,1,1,0,1,1,1,0,1,0,0,0,0,0
IQH9,0,0,1,0,1,1,0,1,1,0,1,0,1,0,1,1,0,0,0,0
IQI1,0,0,0,1,1,1,0,0,1,0,0,0,0,0,0,0,0,0,0,0
IQI2,0,0,0,1,1,1,0,0,1,0,0,0,1,0,1,0,1,0,0,0
IQI8,0,0,0,1,0,1,0,1,1,0,1,0,1,1,1,0,0,0,0,0
IQI9,0,0,0,0,0,1,0,1,1,0,1,0,1,1,1,1,1,0,0,0
IRA4,0,0,0,0,1,1,0,0,1,0,0,0,1,1,0,0,1,0,0,0
IRA5,0,0,0,0,1,1,0,0,1,0,0,0,1,0,0,0,0,0,0,0
IRA7,0,0,0,1,0,1,0,1,1,0,1,0,1,1,1,0,1,0,0,0
IRA9,0,0,0,0,0,1,0,1,0,0,1,0,1,1,0,1,0,0,0,0
IRB1,0,0,0,0,0,1,0,0,0,0,1,0,1,0,0,0,0,0,0,0
IRB4,1,1,0,0,1,1,0,1,1,1,0,0,1,1,1,0,1,1,0,0
IRB5,1,1,0,0,1,1,0,0,1,0,1,0,1,1,1,0,1,1,1,0
IRB6,1,1,0,0,1,1,0,0,1,0,1,1,1,0,1,0,1,1,1,0
IRB7,1,1,0,0,1,1,0,0,1,0,0,1,1,1,1,0,1,1,1,0
IRB9,0,1,0,0,1,1,0,0,1,1,1,1,1,1,1,0,1,1,0,0
IRC6,1,1,0,0,0,1,0,1,1,0,1,0,1,1,1,0,1,1,0,0
IRC7,1,1,0,0,0,1,0,1,1,0,0,0,1,1,1,0,1,1,0,0
IRC8,1,1,0,0,0,1,0,1,1,0,1,0,1,1,1,0,1,1,0,0
IRC9,1,1,0,0,0,1,0,1,0,0,0,0,1,0,1,0,1,1,1,0
IRD1,1,1,0,0,0,1,0,1,0,0,1,0,1,1,1,0,1,1,0,0
IRD5,0,0,0,0,0,1,0,1,0,0,0,0,0,1,0,0,0,0,0,0
IRD9,0,0,0,1,0,1,1,0,1,1,0,1,1,1,1,0,0,0,1,0
IRE2,0,0,0,1,1,1,0,1,0,0,0,1,1,1,1,0,0,0,0,0
IRE5,0,0,0,0,0,1,1,0,1,0,0,0,0,0,0,0,0,0,0,0
IRE7,0,0,0,0,0,1,1,0,1,0,0,0,1,0,0,0,0,0,0,0
IRF4,0,0,0,0,0,1,1,0,1,0,0,0,1,0,0,0,0,0,0,0
IRG1,0,0,1,0,NA,NA,0,NA,0,0,0,0,0,0,0,0,0,0,0,0
IRG5,0,0,1,0,0,1,0,1,1,0,0,0,1,0,0,0,0,0,0,0
IRG6,0,0,1,0,0,1,0,1,1,0,1,0,1,0,0,0,0,0,0,0
IRG8,0,0,1,0,0,1,0,1,1,0,1,0,1,0,0,0,0,0,0,0
IRG9,0,0,1,0,0,1,0,1,1,0,1,0,1,0,0,0,0,0,0,0
IRH7,0,0,1,0,0,1,0,0,1,0,0,0,0,0,1,1,0,1,1,0
IRH9,0,0,1,0,0,1,0,0,0,0,0,0,0,0,1,1,1,1,1,0
IRI1,0,0,1,0,0,1,0,1,0,0,0,0,0,0,0,1,0,0,0,0
IRI2,0,0,1,0,0,1,0,0,0,0,0,0,1,0,1,1,0,1,0,0
IRI5,0,0,1,0,0,1,0,0,0,0,0,0,1,0,1,1,0,1,1,0
ISD5,0,0,0,0,0,1,0,1,1,0,1,0,0,1,1,0,1,0,0,0
ISE1,1,1,0,0,0,1,0,1,0,0,1,0,0,1,0,0,0,0,0,0
ISE2,0,0,1,0,1,1,0,0,0,0,0,0,1,0,0,1,0,0,0,0
ISE7,0,0,0,0,0,1,0,1,1,0,1,0,1,0,1,0,1,0,1,0
ISE8,0,0,0,0,0,1,0,1,1,0,0,0,0,0,1,1,0,0,1,0
ISF5,0,0,0,0,1,1,0,0,1,0,0,0,1,0,0,0,0,0,0,0
ISF6,0,0,0,1,0,1,1,0,1,0,0,0,1,0,1,0,1,1,1,0
ISF7,0,0,0,1,0,1,0,1,1,0,1,0,1,0,1,0,0,0,0,0
ISF8,0,0,0,0,0,1,0,1,1,0,1,0,0,1,1,0,1,0,0,0
ISG5,0,0,0,1,0,1,0,1,1,0,1,0,1,1,0,0,0,0,0,0
ISG7,0,0,0,1,0,1,0,1,1,0,1,0,0,0,0,1,0,0,1,0
ISG8,0,0,0,1,0,1,0,1,1,0,1,0,0,1,0,0,0,0,0,0
ISH2,0,0,0,1,0,1,0,1,0,0,1,0,1,0,0,0,0,0,0,0
ISH6,0,0,1,0,1,1,0,0,0,0,0,0,1,0,1,1,0,0,1,1
ISH8,0,0,0,0,0,1,0,1,1,0,1,0,1,1,1,0,1,0,0,0
ISI1,0,0,0,0,0,0,0,0,0,0,0,0,0,0,0,0,0,0,0,0
ITB7,0,0,0,0,0,1,0,1,1,0,1,0,1,1,1,0,0,0,0,0
ITB8,0,0,0,0,0,1,0,1,1,0,1,0,1,0,1,0,0,0,0,0
ITC1,0,0,1,0,1,1,0,0,0,0,0,0,0,0,0,1,0,0,0,0
ITC5,0,0,0,0,1,1,0,0,0,0,0,1,1,0,0,0,0,0,0,0
ITC6,0,0,0,0,1,1,0,1,0,0,0,1,1,0,0,0,0,0,0,0
ITC7,0,0,0,0,1,1,0,0,0,0,0,1,1,0,0,0,0,0,0,0
ITD6,1,1,0,0,1,1,1,0,0,0,0,0,0,0,0,1,0,0,0,0
ITE1,1,1,0,0,0,1,0,0,0,0,0,0,0,0,0,0,0,0,0,0
ITE2,1,1,0,0,0,1,0,0,0,0,0,0,0,0,0,0,0,0,0,0
ITE4,1,1,0,0,1,1,0,0,0,0,0,0,0,0,0,1,0,0,0,0
ITE8,0,0,0,0,1,1,0,0,0,0,0,0,1,0,0,0,0,0,0,0
ITE9,0,0,0,0,1,1,0,1,0,0,1,1,1,0,0,0,0,0,0,0
ITF3,1,1,0,0,1,1,0,0,0,0,0,0,0,0,0,1,0,0,1,0
ITF5,0,0,0,0,0,1,0,1,0,0,1,0,1,1,0,0,0,0,0,0
ITF9,0,0,0,0,1,1,0,1,1,1,1,1,1,0,1,0,0,0,0,0
ITG1,0,0,0,0,0,0,0,0,0,0,0,0,0,0,0,0,0,0,0,0
ITG3,0,0,0,1,0,1,0,1,0,0,1,0,1,0,0,1,0,0,0,0
ITG5,0,0,0,1,0,1,0,1,0,0,1,0,1,0,1,1,0,0,1,0
ITG6,0,0,0,1,0,1,0,1,1,1,1,0,1,0,0,1,0,0,1,0
ITG8,0,0,1,0,0,1,0,0,0,0,0,0,1,0,1,1,0,0,0,0
ITG9,0,0,0,1,0,1,0,1,0,0,0,0,1,0,1,1,0,0,0,0
ITI2,0,0,0,0,0,1,0,0,1,0,0,0,1,0,0,0,0,0,0,0
IUC2,0,0,0,0,1,1,0,0,1,0,0,0,1,0,0,0,0,0,0,0
IUE1,0,0,0,0,0,0,1,0,0,0,0,0,1,1,0,0,0,0,0,0
IUE2,0,0,0,0,0,0,1,0,1,0,0,0,1,0,0,0,0,0,0,0
IUG9,0,0,0,0,0,1,0,1,1,1,1,0,0,0,0,1,0,0,0,0
IUH1,0,0,0,1,0,1,0,1,1,0,0,0,0,0,0,0,0,0,0,0
IUH2,0,0,0,0,1,1,0,0,1,0,1,0,1,0,0,1,0,0,0,0
IUH3,0,0,0,0,0,1,0,0,0,0,0,0,0,0,0,0,0,0,0,0
IUH4,0,0,1,0,0,1,0,1,1,0,1,0,1,1,1,1,0,1,1,0
IUH5,1,1,1,0,1,1,0,0,1,0,0,0,0,0,0,1,0,0,0,0
IUH6,1,1,1,0,1,1,0,0,1,0,0,0,0,0,0,1,0,0,0,0
IUH9,1,1,1,0,1,1,0,0,1,0,0,0,0,0,0,1,0,0,0,0
IUI3,0,0,0,0,1,1,0,0,1,0,1,0,1,0,1,0,0,0,0,0
IVA2,0,0,0,0,0,1,0,1,1,0,1,0,0,1,0,0,1,0,0,0
IVA3,0,0,0,0,0,1,0,1,1,0,1,0,1,1,1,0,1,0,0,0
IVA7,0,0,0,0,0,1,0,0,1,0,0,0,0,0,1,0,1,0,0,0
IVA9,0,0,0,0,0,1,0,1,1,0,1,0,0,0,1,0,1,0,0,0
IVB1,0,0,0,0,1,1,0,0,1,0,1,1,1,0,1,0,0,0,0,0
IVB6,0,0,0,0,1,1,0,0,1,0,0,0,1,0,1,0,0,0,0,0
IVB7,0,0,0,0,1,1,0,1,1,0,0,0,1,0,1,0,0,0,0,0
IVB9,0,0,0,0,1,1,0,1,1,0,0,1,1,1,1,0,0,0,0,0
IVC1,0,0,0,0,1,1,0,0,0,0,0,0,1,0,1,0,0,0,0,0
IVC8,0,0,0,1,0,1,0,1,1,0,0,0,0,0,0,1,0,0,0,0
IVD1,0,0,0,0,0,1,0,1,0,0,1,0,0,0,0,0,0,0,0,0
IVD2,0,0,0,1,0,1,0,1,0,0,0,0,0,0,0,0,0,0,0,0
IVD5,1,1,0,0,1,1,0,0,1,0,1,0,1,1,1,0,1,1,0,0
IVE5,0,0,0,1,1,1,0,0,1,0,1,0,1,1,0,1,0,0,0,0
IVF7,0,0,0,0,0,1,0,1,1,0,1,0,1,1,1,0,0,0,0,0
IVG1,0,0,0,0,0,0,0,0,0,0,1,0,0,1,1,0,0,0,0,0
IVG2,0,0,0,0,0,1,0,1,0,0,1,1,0,1,0,0,0,0,0,0
IVG4,0,0,0,0,0,1,0,1,1,0,1,0,1,1,1,0,0,0,0,0
IVG6,0,0,0,0,0,1,0,1,1,0,1,0,1,1,1,0,0,0,0,0
IVG8,0,0,1,0,0,1,0,1,1,0,1,0,1,0,1,1,0,0,0,0
IVG9,0,0,1,0,0,1,0,1,1,0,1,0,1,0,0,1,0,1,1,0
IVH3,0,0,1,0,0,1,0,1,0,0,1,0,0,0,0,0,1,0,0,0
IVH8,0,0,0,0,1,1,0,0,1,0,0,0,0,0,0,0,0,0,0,0
IVH9,0,0,0,0,1,1,0,0,1,0,0,0,1,0,1,0,0,0,0,0
IVI1,0,0,0,0,1,1,0,0,0,0,0,0,1,0,0,0,0,0,0,0
IVI2,0,0,0,0,1,1,0,NA,0,0,0,0,1,0,0,0,0,0,0,0
IVI3,0,0,0,0,1,1,0,0,1,0,0,0,1,0,0,0,0,0,0,0
IVI8,0,0,0,0,1,1,0,0,1,0,0,0,0,0,1,0,0,0,0,0
IVI9,0,0,0,0,1,1,0,0,0,0,0,0,1,0,1,0,0,0,0,0
IWA4,0,0,0,0,1,1,0,0,0,0,0,0,1,0,0,0,0,0,0,0
IWA8,0,0,1,0,0,1,0,0,1,0,1,0,0,0,1,0,1,0,1,0
IWA9,0,0,1,0,0,1,0,1,0,0,1,0,0,1,0,1,1,0,0,0
IWB1,0,0,1,0,0,NA,0,NA,0,0,1,0,0,0,0,0,0,0,0,0
IWC5,0,0,0,1,0,1,1,0,1,0,0,0,1,1,0,0,0,0,0,0
IWC7,0,0,1,0,0,1,0,1,0,0,0,0,0,0,1,1,0,0,1,0
IWC9,0,0,0,0,0,1,0,0,1,0,0,0,0,0,1,0,0,0,0,0
IWE1,0,0,0,0,0,1,0,0,0,0,0,0,0,0,0,0,0,0,0,0
IWE2,0,0,0,0,1,1,0,0,1,0,0,0,0,0,0,0,0,0,0,0
IWE3,0,0,0,0,1,1,0,0,0,0,0,0,0,0,1,0,0,0,0,0
IWE4,0,0,0,0,1,1,0,0,0,0,0,0,0,0,0,0,0,0,0,0
IWF4,0,0,1,0,1,1,0,0,1,0,0,1,1,0,0,0,0,0,0,0
IWF5,0,0,1,0,1,1,0,0,1,0,1,1,1,0,0,0,0,0,0,0
IWF6,0,0,1,0,1,1,0,0,1,0,1,0,1,1,0,0,0,0,0,0
IWF7,0,0,1,0,1,1,0,0,1,0,1,1,1,0,0,0,0,0,0,0
IWH1,0,0,1,0,0,1,0,0,0,0,1,0,0,0,0,1,0,0,1,0
IWH4,0,0,1,0,0,1,1,0,0,0,0,1,1,0,0,1,0,0,0,0
IWH6,0,0,0,0,0,0,0,1,0,0,0,0,0,0,1,0,0,0,0,0
IWH8,0,0,0,0,0,1,0,0,0,0,0,0,0,0,1,0,0,0,0,0
IWH9,0,0,0,0,0,1,0,0,1,0,0,0,0,0,1,0,0,0,0,0
IWI1,0,0,0,0,0,0,0,0,0,0,0,0,0,0,0,0,0,0,0,0
IWI4,0,0,1,0,1,1,0,0,1,0,0,1,1,0,0,0,0,0,0,0
IWI8,0,0,1,0,0,1,0,0,1,0,0,0,1,0,1,0,0,0,0,0
IXC5,1,1,0,1,1,1,0,0,1,0,0,0,1,0,0,0,0,0,0,0
IXC6,1,1,0,1,1,1,0,0,1,0,0,1,1,0,0,0,0,0,0,0
IXC7,1,1,1,0,1,1,0,0,1,0,0,1,1,0,1,0,0,0,0,0
IXC8,1,1,1,0,1,1,0,0,1,0,0,1,1,0,0,1,0,0,0,0
IXC9,1,1,1,0,1,1,0,0,1,0,0,1,1,0,0,0,0,0,0,0
IXD5,0,0,0,0,0,1,0,1,1,0,0,0,1,0,1,0,0,0,0,0
IXD6,0,0,0,1,0,1,0,1,1,0,1,0,1,0,1,0,0,0,0,0
IXD7,0,0,0,0,0,1,0,1,1,0,1,0,1,0,1,0,0,0,0,0
IXD9,0,0,0,0,0,1,0,1,1,0,1,0,1,0,1,0,0,0,0,0
IXE3,0,0,0,1,0,1,0,1,1,0,1,0,1,1,1,0,0,0,0,0
IXE6,0,0,0,0,0,1,1,0,1,0,0,1,1,0,0,0,0,0,0,0
IXE8,0,0,0,0,0,1,1,0,1,0,0,1,1,0,0,0,0,0,0,0
IXF1,0,0,0,0,0,1,1,0,1,0,0,0,1,0,0,0,0,0,0,0
IXF2,0,0,0,0,0,1,1,0,0,0,0,0,1,0,0,0,0,0,0,0
IXF3,0,0,0,0,0,1,1,0,1,0,0,0,1,0,0,0,0,0,0,0
IXF5,0,0,0,0,0,1,1,0,1,0,0,0,0,0,0,0,0,0,0,0
IXG1,0,0,0,0,0,1,1,0,1,0,0,1,0,0,0,0,0,0,0,0
IXG8,0,0,0,0,0,1,0,1,1,0,1,0,1,1,1,0,0,0,0,0
IXG9,0,0,0,0,0,1,0,1,1,0,1,0,1,1,1,0,0,0,0,0
IXH3,0,0,0,0,0,1,0,1,0,0,1,0,1,1,1,0,0,0,0,0
IXH7,0,0,0,0,1,1,0,1,1,0,1,0,1,1,1,0,0,0,0,0
IXH8,0,0,0,0,0,1,0,1,1,0,1,1,1,1,1,0,0,0,0,0
IXI1,1,1,0,0,0,1,0,0,1,0,1,0,1,0,1,0,0,0,0,0
IXI3,0,0,0,0,0,0,0,0,0,0,0,0,0,0,1,0,0,0,0,0
IXI5,0,0,0,0,0,1,0,0,1,0,0,0,0,0,0,1,0,0,1,0
IXI6,0,0,0,0,0,1,0,0,1,0,0,0,0,0,0,1,0,0,0,0
IYB3,0,0,1,0,0,1,0,1,1,0,1,0,0,0,1,0,1,0,0,0
IYB5,0,0,0,0,0,1,0,0,1,0,0,0,0,0,0,0,0,0,0,0
IYB6,0,0,0,0,0,1,0,0,0,0,0,0,0,0,0,0,0,0,0,0
IYB7,0,0,0,0,0,1,0,1,1,0,1,0,0,1,0,0,0,0,0,0
IYB8,0,0,0,0,0,1,0,1,1,0,1,0,0,1,0,0,0,0,0,0
IYC1,0,0,1,0,0,1,0,0,0,0,0,1,0,0,0,1,0,0,0,0
IYC7,0,0,0,0,0,1,0,0,1,0,0,0,0,0,0,0,0,0,0,0
IYC9,0,0,1,0,0,1,0,1,0,0,1,0,0,1,1,1,0,0,0,0
IYD1,0,0,0,0,0,0,0,0,0,0,0,0,0,0,0,0,0,0,0,0
IYD4,0,0,1,0,0,1,0,0,0,0,0,0,1,0,1,0,0,0,0,0
IYE2,0,0,1,0,0,1,0,1,0,0,1,0,0,1,0,1,0,1,0,1
IYE3,0,0,1,0,1,1,0,0,0,0,0,1,0,0,1,1,0,1,0,0
IYE7,0,0,1,0,0,1,0,1,1,0,1,0,0,1,1,1,0,0,1,0
IYF1,0,0,0,0,0,0,0,0,0,0,1,0,0,0,0,0,1,0,0,0
IYF2,0,0,1,0,0,1,0,1,1,0,1,0,0,1,1,0,0,0,0,0
IYF7,0,0,1,0,0,1,0,1,1,0,1,0,0,0,1,1,0,0,0,0
IYF8,0,0,1,0,0,1,0,1,1,0,1,1,0,0,1,1,0,0,0,0
IYF9,0,0,1,0,0,1,0,1,1,0,1,0,1,0,1,1,0,1,1,0
IYG1,0,0,0,0,0,1,0,0,0,0,0,1,0,0,0,0,0,0,0,0
IYG4,0,0,1,0,0,1,0,0,0,0,0,1,0,0,1,1,0,0,1,0
IYG6,0,0,0,0,1,1,0,0,1,0,1,0,1,1,0,0,0,0,0,0
IYG9,0,0,1,0,0,1,0,1,1,0,1,0,0,0,1,1,0,0,0,0
IYH8,0,0,0,0,0,1,0,0,1,0,0,0,0,0,0,0,0,0,0,0
IYI2,0,0,0,0,0,1,1,0,0,0,0,0,1,0,0,1,0,0,0,0
IYI3,0,0,0,1,0,1,1,0,0,0,1,0,1,1,1,0,0,0,0,0
IYI5,0,0,0,1,0,1,1,0,1,0,1,0,1,0,0,0,0,0,0,0
IYI6,0,0,0,0,0,1,1,0,1,0,1,0,1,0,0,1,0,0,0,0
IYI8,0,0,0,0,0,1,0,0,1,0,0,0,0,0,0,0,0,0,0,0
IZA5,1,1,1,0,1,1,0,0,1,0,0,0,1,1,0,0,0,0,0,0
IZB6,0,0,0,1,0,1,0,1,0,0,0,0,0,0,1,1,0,0,1,0
IZB8,0,0,0,1,0,1,0,1,1,0,0,0,0,0,0,1,0,0,0,0
IZB9,0,0,0,1,0,1,0,1,1,0,1,0,0,0,1,0,0,0,0,0
IZC1,0,0,0,1,0,1,0,1,0,0,1,0,0,0,1,0,0,0,0,0
IZC2,0,0,0,1,0,1,0,0,0,0,0,0,0,0,1,0,0,0,0,0
IZD1,0,0,0,1,0,1,0,1,0,0,1,0,1,0,1,0,0,0,0,0
IZD3,0,0,0,1,0,1,0,1,1,0,1,0,1,1,1,0,0,0,0,0
IZD4,0,0,1,0,1,1,0,0,0,0,0,0,0,0,0,1,0,0,0,0
IZF2,0,0,1,0,0,1,0,1,0,0,1,0,1,1,0,1,0,0,0,0
IZF3,0,0,0,1,0,1,0,1,1,0,1,0,1,1,1,0,0,0,0,0
IZF4,0,0,0,1,0,1,0,1,1,0,0,0,1,1,1,1,0,0,0,0
IZF9,0,1,0,0,0,1,1,0,1,0,0,0,1,0,0,0,0,0,0,0
IZG1,0,0,0,0,1,1,1,0,1,0,0,1,0,0,0,0,0,0,1,0
IZG3,0,0,0,0,0,1,1,0,1,0,0,0,1,0,0,0,0,0,1,0
IZG4,0,0,0,0,0,1,1,0,1,0,0,0,1,0,0,0,0,0,0,0
IZG5,0,0,0,0,0,1,1,0,1,0,0,0,1,0,0,0,0,0,0,0
IZG6,0,0,0,0,0,1,0,0,1,0,1,0,0,0,1,0,1,0,0,0
IZG8,0,0,0,0,0,1,0,1,1,0,1,0,1,1,1,0,1,0,0,0
IZH1,0,0,0,0,0,0,0,0,0,0,1,0,0,0,0,0,0,0,0,0
IZH3,0,0,0,0,0,1,0,1,1,0,1,0,0,1,1,0,1,0,0,0
IZH4,0,0,0,0,0,0,0,1,1,0,1,0,1,1,1,0,1,0,0,0
JAA2,0,0,0,0,1,1,0,0,0,0,1,0,1,0,0,0,0,0,0,0
JAA3,0,0,0,0,0,1,0,0,0,0,1,0,0,0,0,0,0,0,0,0
JAB7,0,0,0,0,0,1,0,1,1,0,1,0,1,1,1,0,0,0,0,0
JAB9,0,0,0,0,0,1,0,1,1,0,1,0,1,1,1,0,0,0,0,0
JAC2,0,0,0,0,0,1,1,0,1,0,0,1,1,0,0,0,0,0,0,0
JAC4,0,0,0,1,0,1,0,1,1,0,0,0,1,0,0,0,0,0,0,0
JAD1,0,0,0,0,0,1,0,0,0,0,1,0,0,0,0,0,0,0,0,0
JAD2,1,1,0,0,1,1,0,0,1,0,1,0,0,0,1,0,0,0,0,0
JAD6,0,0,0,1,0,1,1,1,1,1,0,0,1,0,1,0,0,0,0,0
JAD8,0,0,0,0,0,1,0,1,0,0,0,0,0,0,1,0,0,0,0,0
JAD9,0,0,1,0,1,1,0,1,1,0,1,1,1,0,1,1,0,0,0,0
JAG3,0,0,0,0,1,1,0,0,1,0,0,1,1,0,1,0,0,0,0,0
JAG4,0,0,0,0,1,1,0,0,1,0,0,0,1,0,1,0,0,0,0,0
JAG6,0,0,0,0,1,1,0,0,1,0,1,1,1,0,1,0,0,0,0,0
JAG7,0,0,0,0,1,1,0,1,1,0,1,1,1,0,1,0,0,0,0,0
JAG9,0,0,0,0,1,1,0,1,1,0,1,1,1,1,1,0,0,0,0,0
JAH6,0,0,0,0,0,1,0,1,1,0,1,0,1,0,1,0,0,0,0,0
JAH9,0,0,0,0,0,1,0,1,1,0,1,0,1,1,1,0,1,0,0,0
JAI2,0,0,0,0,0,1,0,1,0,0,1,0,0,1,1,0,1,0,0,0
JAI5,0,0,0,0,0,1,0,1,1,0,1,0,0,0,1,0,0,0,0,0
JAI6,0,0,0,0,0,1,0,1,1,0,1,0,1,0,1,0,0,0,0,0
JBA1,1,1,0,0,0,1,0,0,0,0,0,0,0,0,0,0,0,0,0,0
JBA2,0,0,1,0,1,0,0,0,0,NA,0,0,0,0,0,1,0,0,1,0
JBA3,0,0,1,0,0,1,0,0,1,0,0,0,0,0,0,0,0,0,0,0
JBA7,0,1,0,1,0,1,0,1,1,1,1,0,1,1,1,0,1,0,0,0
JBA9,0,0,1,0,0,1,0,1,0,0,0,0,0,0,1,1,0,0,1,0
JBB2,0,0,1,0,0,1,0,0,1,0,0,0,0,0,1,0,0,0,0,0
JBB3,0,0,1,0,0,1,0,0,1,0,0,0,1,0,1,0,0,0,0,0
JBB7,1,1,0,0,1,1,0,1,1,0,1,0,1,1,0,0,1,1,1,0
JBC2,0,0,0,0,0,1,0,0,0,0,0,0,0,0,1,1,0,0,0,0
JBC5,0,0,0,0,0,1,0,1,0,1,0,0,1,0,0,0,0,0,0,0
JBC6,0,0,0,1,0,1,0,1,1,0,0,0,0,0,1,1,0,0,0,0
JBC8,0,0,0,1,0,1,0,1,1,1,1,0,1,1,1,0,1,0,0,0
JBC9,0,0,0,0,0,1,0,1,1,0,1,0,1,1,1,0,1,1,0,0
JBD3,0,0,1,0,0,1,1,0,0,0,0,1,1,0,0,1,0,0,1,0
JBE1,1,1,0,0,NA,1,0,0,1,1,0,NA,1,0,0,0,1,1,0,0
JBE2,0,1,0,0,0,1,0,0,1,1,0,0,1,0,0,0,1,1,0,0
JBE3,0,1,0,0,1,1,0,0,1,0,1,0,1,0,1,0,1,1,0,0
JBE5,0,0,0,1,0,1,0,1,1,0,0,0,0,0,1,0,0,0,0,0
JBF2,0,0,0,0,0,1,0,1,0,0,0,0,1,0,0,0,0,0,0,0
JBF3,0,0,0,1,0,1,0,1,0,0,0,0,0,0,0,0,0,0,1,0
JBF6,0,0,1,0,0,1,0,1,0,0,0,0,1,0,1,1,0,0,1,0
JBG3,0,0,0,0,1,0,0,0,1,0,0,0,0,0,0,0,0,0,0,0
JBG4,0,0,0,0,1,1,0,0,1,0,1,0,0,0,1,0,0,0,0,0
JBG5,0,0,0,0,0,1,0,1,1,0,1,0,0,0,1,0,0,0,0,0
JBG6,0,0,0,0,0,1,0,1,1,0,1,0,1,1,0,0,0,0,0,0
JBG7,0,0,0,0,1,1,0,0,1,0,1,0,1,1,0,0,0,0,0,0
JBG8,0,0,0,0,1,1,0,1,1,0,1,1,1,0,0,0,0,0,0,0
JBH1,0,0,1,0,1,1,0,1,1,0,1,0,0,1,0,0,0,0,0,0
JBH2,0,0,1,0,0,1,0,1,1,0,0,0,1,1,0,0,0,0,0,0
JBH6,0,0,0,0,1,1,0,0,1,0,0,0,0,0,1,0,0,0,0,0
JBH7,0,0,0,0,1,1,0,0,1,0,0,0,0,0,1,0,0,0,0,0
JBI4,1,1,0,0,1,1,0,0,1,1,1,0,1,1,0,0,1,1,0,0
JBI5,1,1,0,0,1,1,0,0,1,1,0,0,1,0,1,0,1,1,0,0
JBI6,1,1,0,0,1,1,0,0,1,1,1,1,1,0,1,0,1,1,0,0
JBI7,0,0,0,1,1,1,0,0,0,1,0,0,0,0,1,1,0,0,1,0
JBI8,0,0,0,1,0,1,0,1,0,0,0,0,1,0,1,1,0,0,0,0
JCA1,0,0,0,0,1,1,0,1,0,0,1,0,0,0,1,0,0,0,0,0
JCA2,0,0,0,0,1,1,0,0,0,0,0,1,0,0,1,0,0,0,0,0
JCA5,0,0,0,0,1,1,0,0,1,0,0,0,0,0,1,0,0,0,0,0
JCA8,0,0,0,0,1,1,0,0,1,0,0,0,0,0,1,0,0,0,0,0
JCA9,0,0,0,0,1,1,0,0,1,0,0,0,1,0,1,0,0,0,0,0
JCB2,0,0,0,0,1,1,0,0,0,0,0,0,0,0,0,0,0,0,0,0
JCB3,0,0,0,0,1,1,0,0,0,0,0,0,1,0,0,0,0,0,0,0
JCB6,0,0,0,1,0,1,0,1,1,0,1,0,1,1,1,0,0,0,0,0
JCC1,0,0,0,0,1,1,0,1,1,0,1,1,1,0,1,0,0,0,0,0
JCC2,0,0,0,0,1,1,0,0,1,0,0,1,1,0,1,0,0,0,0,0
JCC3,0,0,0,0,1,1,0,0,1,0,0,1,1,0,1,0,0,0,0,0
JCC6,0,0,0,0,0,1,0,1,1,0,1,0,1,1,1,0,0,0,0,0
JCC8,0,0,0,0,0,1,0,1,1,0,1,1,1,1,1,0,0,0,0,0
JCD5,0,0,0,0,0,1,0,1,1,0,0,0,1,1,1,0,0,0,0,0
JCD6,0,0,0,0,0,1,0,0,1,0,0,0,0,0,0,1,0,0,1,0
JCD7,0,0,0,0,0,1,0,0,1,0,0,0,0,0,0,1,0,0,0,0
JCD8,0,0,0,0,0,1,0,1,1,0,1,0,1,0,1,0,0,0,0,0
JCD9,0,0,0,0,0,1,0,1,1,0,1,0,0,1,1,0,0,0,0,0
JCE1,0,0,0,0,0,1,0,1,0,0,1,0,0,0,1,0,0,0,0,0
JCE2,0,0,0,0,0,1,0,0,1,0,0,0,0,0,0,0,0,0,0,0
JCE3,0,0,0,0,1,1,0,0,1,0,0,0,1,0,0,0,0,0,1,0
JCE8,0,0,1,0,0,1,0,0,1,0,1,0,1,1,1,0,0,0,0,0
JCF1,0,0,0,0,0,1,0,1,0,0,1,0,0,1,0,1,0,0,0,0
JCF4,0,0,0,0,0,1,0,1,1,0,1,0,1,1,1,1,0,0,0,0
JCF8,0,0,0,0,1,1,0,0,1,0,1,0,1,0,1,0,0,0,0,0
JCF9,1,1,0,0,1,1,0,0,1,1,1,0,1,0,1,0,1,1,0,0
JCG2,0,0,0,0,0,0,0,0,0,0,0,0,0,0,1,0,0,0,0,0
JCG3,0,0,0,0,0,1,0,0,0,0,0,0,0,0,1,0,0,0,0,0
JCG4,0,0,0,0,0,1,0,0,0,0,0,0,0,0,1,0,0,0,0,0
JCG5,0,0,0,0,0,1,0,0,0,0,0,0,0,0,1,0,0,0,0,0
JCG8,0,0,0,0,0,1,0,0,0,0,0,0,0,0,1,0,0,0,0,0
JCH2,0,0,0,0,0,1,0,0,1,0,0,0,1,0,1,0,0,0,0,0
JCH5,0,0,0,0,1,1,0,0,1,0,0,0,1,0,1,0,0,0,0,0
JCH6,0,0,1,0,1,1,0,0,0,0,0,0,0,0,1,1,0,0,1,0
JCH8,0,0,0,1,1,1,0,1,1,0,0,0,1,0,1,0,0,0,0,0
JCH9,0,0,0,1,0,1,0,1,1,0,0,0,1,0,1,0,0,0,0,0
JCI2,1,1,0,0,1,1,0,1,1,1,1,0,1,0,0,0,1,1,0,0
JCI5,0,0,0,0,1,1,0,0,1,0,0,0,1,0,1,0,0,0,0,0
JDA4,0,0,0,0,0,1,0,1,1,0,0,0,0,0,0,0,0,0,0,0
JDA6,0,0,0,0,0,1,0,1,1,0,0,0,0,0,0,0,0,0,0,0
JDA7,0,0,0,0,0,1,0,1,1,0,0,0,0,0,0,0,0,0,0,0
JDA8,0,0,0,0,0,1,0,1,1,0,0,0,0,0,0,0,0,0,0,0
JDB2,0,0,1,0,0,1,0,1,1,0,1,0,0,0,1,1,0,1,1,0
JDB4,0,0,0,0,0,1,0,1,1,0,1,0,0,1,1,0,0,0,0,0
JDB5,0,0,1,0,1,1,0,1,1,0,1,0,1,0,0,1,0,1,1,0
JDB6,0,0,1,0,1,1,0,1,1,0,1,0,1,0,1,1,0,0,1,1
JDB7,0,0,0,1,1,1,0,1,0,0,0,1,0,0,1,1,0,0,1,0
JDC1,0,0,1,0,0,1,0,0,0,0,0,0,0,0,0,1,0,0,0,0
JDC9,0,0,0,0,0,1,0,0,1,0,0,0,0,0,0,0,0,0,0,0
JDF8,0,0,0,1,0,1,0,1,1,1,1,0,1,0,1,0,0,0,0,0
JDF9,0,0,0,1,0,1,0,1,1,0,1,0,1,1,1,0,0,0,1,0
JDG7,0,0,0,1,0,1,0,1,1,0,1,0,1,1,1,0,0,0,0,0
JDG8,0,0,0,1,0,1,0,1,1,1,1,0,1,1,1,0,0,0,1,0
JDH4,0,0,0,0,0,1,0,1,1,0,1,0,1,1,0,0,0,0,0,0
JDI6,0,0,0,0,0,1,0,1,1,0,1,0,1,1,0,0,0,0,0,0
JDI7,0,0,0,1,0,1,0,1,1,0,1,0,1,1,0,1,0,0,0,0
JDI8,0,0,0,1,0,1,0,1,1,0,1,0,1,1,1,0,0,0,0,0
JEA2,0,0,0,1,0,1,0,1,0,1,1,0,0,0,1,0,0,0,0,0
JEA4,0,0,0,0,0,1,0,1,1,0,1,0,0,1,1,0,0,0,0,0
JEA7,0,0,0,0,0,1,0,1,1,0,1,0,1,1,1,0,0,1,0,0
JEB1,0,0,1,0,0,1,0,0,0,0,0,1,0,0,0,1,0,0,1,1
JEB6,0,0,0,0,1,1,0,0,0,0,0,0,0,0,0,0,0,0,0,0
JEB7,0,0,0,0,1,1,0,0,0,0,0,0,1,0,0,0,0,0,0,0
JEC2,0,0,0,0,1,1,0,0,0,0,0,0,0,0,0,0,0,0,0,0
JEC4,0,0,0,0,1,1,0,0,0,0,0,1,0,0,0,0,0,0,0,0
JEC6,0,0,0,0,1,1,0,0,0,0,0,0,0,0,0,0,0,0,0,0
JEC7,0,0,0,0,1,1,0,0,0,0,1,1,1,0,0,0,0,0,0,0
JEC8,0,0,0,0,1,1,0,0,0,0,1,0,1,0,0,0,0,0,0,0
JED3,0,0,0,1,0,1,0,1,0,0,0,0,1,1,0,0,0,0,0,0
JED4,0,0,1,0,1,1,0,0,1,0,1,0,1,1,0,0,0,0,0,0
JED6,0,0,1,0,1,1,0,0,0,0,0,1,0,0,0,0,0,0,1,0
JEE1,1,1,0,0,0,1,0,1,0,0,1,0,1,1,0,0,1,1,0,0
JEE2,0,0,0,0,0,1,0,1,1,0,1,0,1,1,0,0,0,0,0,0
JEF1,0,0,0,1,1,1,0,1,0,0,1,0,0,0,1,0,0,0,0,0
JEF4,0,0,0,0,1,1,0,0,1,0,0,0,0,0,0,0,0,0,0,0
JEG2,0,0,0,0,1,0,0,0,1,0,0,0,0,0,0,0,0,0,0,0
JEG4,0,0,0,1,1,1,0,0,1,0,0,0,0,0,0,0,0,0,0,0
JEG6,0,0,1,0,0,1,0,0,1,0,0,0,1,0,1,0,0,0,0,0
JEH6,0,0,0,0,0,1,0,1,1,0,1,0,1,1,0,0,0,0,0,0
JEH8,0,0,1,0,0,1,1,0,0,0,0,1,1,0,1,1,0,0,0,0
JEH9,0,0,1,0,0,1,0,1,0,0,1,0,0,1,1,1,0,1,1,0
JEI2,0,0,1,0,0,1,0,1,1,0,1,0,1,1,1,1,0,1,1,0
JEI3,0,0,1,0,0,1,0,1,1,0,1,0,1,1,1,1,0,1,1,0
JUA1,0,0,1,0,0,1,1,0,0,0,0,0,0,0,0,1,0,0,0,0
JUA2,0,0,1,0,0,1,1,0,0,0,0,1,0,0,0,1,0,0,0,0
JUA5,0,0,1,0,0,1,1,1,0,0,1,0,1,0,0,1,0,0,1,1
JUA9,0,0,1,0,0,1,1,1,0,0,0,1,1,0,1,1,0,0,1,0
JUB5,0,0,1,0,0,1,1,1,1,0,1,0,1,0,0,1,0,0,1,1
JUC1,0,0,0,0,0,1,0,1,1,0,1,0,0,0,0,0,0,0,0,0
JUC4,0,0,0,0,0,1,0,1,1,0,1,0,0,1,0,0,0,0,0,0
JUC5,0,0,0,0,0,1,0,1,1,0,1,0,0,0,0,0,0,0,0,0
JUC7,0,0,0,0,0,1,0,1,1,0,1,0,1,1,0,0,0,0,0,0
JUC8,0,0,0,0,0,1,0,1,1,0,1,0,0,1,0,0,0,0,0,0
JUD7,0,0,0,0,0,1,0,1,1,0,1,0,1,1,1,0,1,0,0,0
JUE5,0,0,0,0,0,1,0,1,1,0,1,0,0,1,1,0,1,0,0,0
JUE7,0,0,0,0,0,1,0,1,1,0,1,0,1,1,1,0,1,0,0,0
JUF6,0,0,0,0,0,1,0,1,1,0,1,0,1,0,1,0,0,0,0,0
JUF7,0,0,0,0,0,1,0,1,1,0,1,0,1,1,1,0,1,0,0,0
JUH5,0,0,0,0,0,1,0,1,1,0,1,0,0,1,1,0,1,0,0,0
JUH6,0,0,0,0,0,1,0,1,1,0,1,0,0,1,1,0,1,0,0,0
JUI4,0,0,0,0,0,1,0,1,1,0,1,0,0,1,1,0,1,0,0,0
JUI5,0,0,0,0,0,1,0,1,1,0,1,0,1,1,1,0,1,0,0,0
JUI8,0,0,0,0,0,1,0,1,1,0,1,0,1,1,1,0,1,0,0,0
JVA2,0,0,0,0,1,1,0,0,0,0,1,0,0,0,0,0,0,0,0,0
JVA5,0,0,0,0,0,1,0,0,1,0,1,0,1,0,0,0,0,0,0,0
JVA9,0,0,0,0,0,1,0,1,1,0,1,0,0,0,0,0,0,0,0,0
JVB1,0,0,0,1,0,1,0,0,0,0,0,0,0,0,0,0,0,0,0,0
JVB7,0,0,0,0,0,1,0,1,1,0,1,0,1,0,0,0,1,0,0,0
JVC4,0,0,0,1,1,0,0,0,0,0,0,0,0,0,1,0,0,0,0,0
JVD1,0,0,0,0,0,0,0,0,0,0,0,0,0,0,0,0,0,0,0,0
JVD2,0,0,0,1,0,0,1,0,0,0,0,0,0,0,0,0,0,0,0,0
JVD5,0,0,0,1,1,1,0,0,0,0,0,0,0,0,0,0,0,0,0,0
JVD6,0,0,0,0,1,1,0,0,0,0,0,0,0,0,0,0,0,0,0,0
JVE2,0,0,0,0,1,1,0,0,0,0,0,0,0,0,0,0,0,0,0,0
JVE4,0,0,0,0,0,1,0,1,0,0,0,1,0,0,0,0,0,0,0,0
JVE7,0,0,0,0,1,1,0,0,0,0,1,0,1,1,0,0,0,0,0,0
JVF1,0,0,0,0,0,1,0,1,0,0,0,0,0,0,0,0,0,0,1,0
JVF3,0,0,0,0,0,1,0,1,0,0,0,0,0,0,0,0,0,0,1,0
JVF6,0,0,0,0,0,1,0,1,1,0,1,0,1,1,0,0,0,0,0,0
JVG1,0,0,0,0,1,1,0,0,0,1,0,0,1,0,0,1,0,0,0,0
JVG4,0,0,0,0,1,1,0,0,1,1,0,0,0,0,0,0,0,0,0,0
JVG5,0,0,0,0,0,1,0,1,1,0,0,0,1,0,0,0,0,0,0,0
JVG7,0,0,0,0,0,1,0,1,1,1,0,0,1,0,0,0,0,0,0,0
JVH1,0,0,0,0,0,1,0,0,0,0,0,0,1,0,0,0,0,0,1,0
JVH5,0,0,0,0,1,1,0,0,1,0,0,1,1,0,0,0,0,0,0,0
JVH7,0,0,0,0,1,1,0,0,1,0,1,1,1,0,1,0,0,0,0,0
JVH9,0,0,0,0,1,1,1,0,1,0,0,1,1,0,1,0,0,0,0,0
JVI1,0,0,0,0,1,1,0,0,1,0,1,1,1,0,1,0,0,0,0,0
JVI3,1,1,0,0,1,1,0,0,1,0,0,1,1,0,0,0,0,0,0,0
JXA5,0,1,0,0,1,1,0,0,1,1,0,0,1,0,1,0,1,1,0,0
JXA6,0,1,0,0,1,1,0,0,1,1,0,0,1,0,1,0,1,1,0,0
JXA8,0,1,0,0,1,1,0,0,1,0,1,0,1,0,1,0,1,1,0,0
JXB2,0,1,0,0,1,1,0,0,1,1,1,0,1,0,0,0,1,1,0,0
JXB3,0,1,0,0,1,1,0,0,1,0,0,0,1,0,1,0,1,1,0,0
JXB7,1,1,1,0,1,1,0,1,1,0,1,0,1,1,1,1,1,1,1,0
JXC3,1,1,1,0,1,1,0,1,1,0,1,1,1,0,0,0,1,1,1,0
JXC4,1,1,1,0,1,1,0,0,1,0,1,0,1,1,0,0,1,1,0,0
JXC6,1,1,1,0,1,1,0,0,1,0,1,1,1,0,1,0,1,1,1,0
JXC7,1,1,1,0,1,1,0,1,1,0,1,0,1,1,1,0,1,1,1,0
JXD5,0,0,0,0,0,1,0,1,1,0,1,0,1,1,0,0,0,0,0,0
JXD6,0,0,0,0,0,1,0,1,1,0,1,0,0,0,0,0,0,0,0,0
JXD8,0,0,0,0,0,1,0,1,1,0,1,0,1,0,0,0,0,0,0,0
JXE3,0,0,0,0,0,1,0,1,1,0,1,0,1,1,0,0,0,0,0,0
JXE7,0,0,1,0,0,1,0,0,0,0,1,0,0,1,1,0,1,0,0,0
JXF6,0,0,1,0,0,1,0,0,1,0,0,0,0,0,0,0,0,0,0,0
JXF9,0,0,1,0,0,1,0,0,1,0,0,0,0,0,0,0,0,0,0,0
JXG3,0,0,1,0,0,1,0,0,1,0,0,0,0,0,0,0,0,0,0,0
JXG5,0,0,0,1,1,1,0,0,1,0,1,0,1,1,0,0,0,0,0,0
JXG6,0,0,0,1,1,1,0,0,1,1,1,0,1,1,0,0,0,0,0,0
JXG7,0,0,0,1,1,1,0,1,1,1,1,0,1,1,0,0,0,0,0,0
JXG9,0,0,0,0,1,1,0,0,1,1,1,0,1,1,0,0,0,0,0,0
JXH5,0,0,0,0,0,1,0,0,1,0,0,0,1,0,0,1,0,0,0,0
JXH6,0,0,0,0,0,1,0,0,1,0,0,0,1,0,1,0,0,0,0,0
JXI1,0,0,0,0,0,1,0,0,1,0,0,0,1,0,NA,1,0,0,0,0
JXI7,0,0,0,0,1,1,0,0,0,0,0,0,0,0,0,0,0,0,0,0
JXI8,0,0,0,0,1,1,0,0,0,0,0,1,1,0,0,0,0,0,0,0
JXI9,0,0,0,0,1,1,0,0,0,0,0,1,1,0,0,0,0,0,0,0
JYA1,0,0,0,0,1,1,0,0,0,0,0,0,0,0,0,0,0,0,0,0
JYA2,0,0,0,0,0,1,0,0,0,0,0,0,0,0,0,0,0,0,0,0
JYC1,0,0,0,0,0,1,0,0,0,0,1,0,0,0,0,0,0,0,0,0
JYF4,0,0,1,0,1,1,0,0,1,0,0,1,0,0,0,1,0,0,1,0
JYF9,0,0,0,0,1,1,0,0,0,0,0,1,1,0,0,0,0,0,0,0
JYG2,0,0,0,0,1,1,0,0,1,0,0,0,1,0,0,0,0,0,0,0
JYG4,0,0,0,0,1,1,0,0,0,0,0,1,1,0,0,0,0,0,0,0
JYG6,0,0,0,0,1,1,0,0,1,0,0,1,1,0,0,0,0,0,0,0
JYG8,0,0,0,0,1,1,0,0,0,0,0,1,1,0,0,0,0,0,0,0
JYH4,0,0,1,0,0,1,0,0,1,0,0,0,0,0,0,0,0,0,0,0
JYH5,0,0,1,0,0,1,0,1,1,0,1,0,0,0,0,0,0,0,0,0
JYH8,0,0,1,0,0,1,0,1,1,0,1,0,0,0,0,0,0,0,0,0
JYH9,0,0,1,0,0,1,0,0,1,0,0,0,1,0,0,0,0,0,0,0
JYI4,0,0,1,0,0,1,0,0,1,0,0,0,0,0,0,0,0,0,0,0
JYI9,0,0,0,0,0,1,0,0,1,0,0,0,1,0,1,0,0,0,0,0
JZA1,0,0,0,0,0,1,0,0,0,0,0,0,0,0,0,0,0,0,0,0
JZA6,0,0,0,0,0,1,0,0,0,0,0,0,1,0,1,0,0,0,0,0
JZA8,0,0,0,1,0,1,0,0,1,0,0,0,0,0,1,0,0,0,0,0
JZB2,0,0,0,0,0,1,0,1,0,0,0,0,0,0,0,0,0,0,0,0
JZB4,0,0,0,0,0,1,0,0,0,0,0,0,0,0,0,0,0,0,0,0
JZB5,0,0,0,0,0,1,0,0,1,0,0,0,1,0,0,0,0,0,0,0
JZB6,0,0,0,0,0,1,0,0,1,0,0,0,0,0,0,0,0,0,0,0
JZB8,0,0,0,0,0,1,0,0,0,0,0,0,0,0,0,0,0,0,0,0
JZC1,0,0,0,0,0,0,0,0,0,0,0,0,0,0,0,0,0,0,0,0
JZD1,0,0,0,0,0,1,0,0,0,0,0,0,0,0,0,0,0,0,0,0
JZD4,0,0,0,0,0,1,0,0,0,0,0,0,0,0,0,0,0,0,0,0
JZD8,0,0,0,1,1,1,0,0,1,1,1,0,1,1,0,0,0,0,0,0
JZF6,0,0,0,0,1,1,0,0,1,0,0,1,1,0,0,0,0,0,0,0
JZF7,0,0,0,0,1,1,0,0,1,0,0,1,1,0,1,0,0,0,0,0
JZF8,0,0,0,0,1,1,0,0,1,0,0,1,1,0,1,0,0,0,0,0
JZF9,0,0,0,0,1,1,0,0,1,0,0,1,1,0,1,0,0,0,0,0
JZG1,0,0,0,0,1,1,0,0,1,0,0,0,1,0,1,0,0,0,0,0
JZG6,0,0,0,0,0,1,0,0,1,0,0,0,0,0,0,0,0,0,0,0
JZG8,0,0,0,0,1,1,0,0,1,0,1,0,1,1,0,0,0,0,0,0
JZG9,0,0,0,0,1,1,0,0,1,0,1,0,1,1,0,0,0,0,0,0
JZH1,0,0,0,0,1,1,0,0,1,0,1,0,1,1,0,1,0,0,0,0
JZH2,0,0,0,0,0,1,0,0,1,0,0,0,0,0,0,0,0,0,0,0
JZI1,0,0,0,0,1,1,0,0,1,0,0,1,1,0,0,0,0,0,0,0
JZI2,0,0,0,0,1,1,1,0,1,0,0,1,1,0,0,0,0,0,0,0
JZI3,0,0,0,0,0,1,1,0,1,0,0,1,1,0,0,0,0,0,0,0
KAA2,0,0,0,0,1,1,0,1,1,0,1,0,0,1,0,0,0,0,0,0
KAA9,0,0,0,0,0,1,0,1,1,0,1,1,1,1,0,0,0,0,0,0
KAC7,0,0,0,0,0,1,0,0,0,0,0,0,0,0,0,0,0,0,0,0
KAC9,0,0,0,0,0,1,0,0,0,0,0,0,0,0,0,0,0,0,0,0
KAD2,0,0,0,1,0,1,0,0,0,0,0,0,1,1,NA,0,0,0,0,0
KAD6,0,0,0,0,1,1,0,0,1,0,0,0,0,0,0,0,0,0,0,0
KAD8,0,0,1,0,0,1,0,1,0,0,0,1,1,0,1,1,0,0,1,0
KAD9,0,0,1,0,0,1,0,1,0,0,0,0,1,0,1,1,0,0,1,0
KAE3,0,0,0,0,0,1,1,0,1,0,0,1,1,0,0,0,0,0,0,0
KAE4,0,0,1,0,0,1,0,1,1,0,1,0,1,0,0,1,0,0,1,0
KAG4,0,0,0,0,1,1,0,0,1,0,0,1,1,0,0,0,0,0,0,0
KAH2,0,0,0,0,1,0,0,0,1,0,0,1,0,0,0,0,0,0,0,0
KAH4,0,0,0,0,1,1,0,0,1,0,0,1,1,0,0,0,0,0,0,0
KAH5,0,0,0,0,1,1,0,0,1,0,0,0,1,0,0,0,0,0,0,0
KAH9,0,0,0,0,1,1,0,0,1,0,0,1,0,0,0,0,0,0,0,0
KAI5,0,0,0,0,1,1,0,1,1,0,0,1,1,0,0,0,0,0,0,0
KAI6,0,0,0,0,1,1,0,0,1,0,0,0,1,0,0,0,0,0,0,0
KAI7,0,0,0,0,0,1,1,0,1,0,0,0,1,0,1,0,0,0,0,0
KAI9,0,0,1,0,0,1,0,0,1,0,0,0,0,0,1,0,0,0,0,0
KCA4,0,0,0,0,1,1,0,0,1,0,0,0,1,0,0,0,0,0,1,0
KCA5,0,0,0,0,1,1,0,0,1,0,0,1,1,0,0,0,0,0,0,0
KCB9,0,0,0,0,1,1,0,0,1,0,0,0,0,0,0,0,0,0,0,0
KCC1,0,0,0,0,0,1,0,0,0,0,0,0,0,0,0,0,0,0,1,0
KCC5,1,1,1,0,1,1,0,0,1,0,0,0,0,0,0,1,0,0,0,0
KCC7,1,1,0,1,1,1,0,0,1,0,0,0,0,0,0,1,0,0,0,0
KCC9,0,0,0,1,0,1,0,0,0,0,0,1,0,0,0,0,0,0,0,0
KCD2,0,0,0,0,0,0,0,0,0,0,0,0,0,0,0,0,0,0,0,0
KCD6,0,0,0,1,1,1,0,0,1,0,1,1,1,0,1,0,0,0,0,0
KCE7,0,0,1,0,1,1,0,0,0,0,0,0,1,0,0,1,0,0,1,0
KCF2,0,0,1,0,0,1,0,0,0,0,0,1,0,0,1,1,0,0,0,0
KCF5,0,0,0,1,0,1,0,1,1,0,0,0,1,0,1,1,0,0,0,0
KCF8,0,0,1,0,1,1,0,0,1,0,0,1,0,0,1,1,0,0,1,0
KCG1,0,0,0,1,0,1,0,0,0,0,0,0,1,0,1,0,0,0,0,0
KCG4,0,0,0,0,0,1,0,1,1,0,1,0,1,0,1,0,0,0,0,0
KCG5,0,0,0,0,0,1,0,1,1,0,1,0,1,0,1,0,0,0,0,0
KCG7,0,0,0,0,0,1,0,1,1,0,1,0,1,0,1,0,0,0,0,0
KCH7,0,0,1,0,0,1,NA,1,1,0,0,0,1,0,1,0,0,0,0,0
KCH8,0,0,1,0,0,1,0,1,1,0,1,1,1,0,1,0,0,0,0,0
KCH9,0,0,1,0,0,1,0,0,1,0,1,0,1,1,1,0,0,0,0,0
KCI3,0,0,1,0,0,1,0,1,0,0,1,0,1,0,1,0,0,0,0,0
KCI4,0,0,1,0,1,1,0,0,1,0,0,0,1,0,1,1,0,0,1,0
KEA3,0,0,1,0,0,1,0,0,0,0,0,0,0,0,1,1,0,0,0,0
KEA5,0,0,0,0,0,1,0,1,0,0,1,0,1,0,1,0,0,0,0,0
KEA9,0,0,0,1,0,1,0,0,0,0,0,0,1,0,1,0,0,0,0,0
KEB2,0,0,0,0,0,1,0,1,0,0,1,0,1,1,1,0,0,0,0,0
KEB3,0,0,0,0,0,1,0,0,0,0,0,0,0,0,1,1,0,0,0,0
KEC3,0,0,1,0,0,1,0,0,1,0,0,0,1,0,0,0,0,0,0,0
KEC4,0,0,1,0,0,1,0,1,1,0,0,0,0,0,0,0,0,0,0,0
KEC5,0,0,1,0,1,1,0,0,1,0,0,0,1,0,0,0,0,0,0,0
KEC8,0,0,1,0,0,1,0,1,1,0,1,0,1,0,0,0,0,0,0,0
KED3,0,0,1,0,0,1,0,0,1,0,0,0,1,0,0,0,0,0,0,0
KED8,0,0,0,0,0,1,0,0,0,0,0,0,1,0,1,0,0,0,0,0
KEE3,0,0,0,0,0,0,0,0,0,0,0,0,0,0,0,0,0,0,0,0
KEE5,0,0,0,0,0,1,0,0,0,0,0,0,1,0,1,0,0,0,0,0
KEE6,0,0,0,0,0,1,0,0,1,0,0,0,1,0,1,0,0,0,0,0
KEE7,0,0,0,0,0,1,0,0,0,0,0,0,0,0,1,0,0,0,0,0
KEF5,0,0,0,1,0,1,1,0,1,0,0,0,1,0,1,0,1,1,1,0
KEF6,0,0,0,1,0,1,0,0,1,0,0,0,1,0,1,0,1,1,0,0
KEF9,0,0,0,1,0,1,1,0,0,0,0,0,0,0,1,0,1,1,0,0
KEG6,0,0,0,0,0,1,0,0,1,0,0,0,1,0,1,0,0,0,0,0
KEG7,0,0,0,0,0,1,0,0,0,0,0,0,1,0,0,0,0,0,0,0
KEH4,0,0,0,0,0,0,0,0,1,0,0,0,1,0,0,0,0,0,0,0
KEH5,0,0,0,0,0,0,0,0,1,0,0,0,1,0,0,0,0,0,0,0
KEI5,0,0,0,0,0,1,0,0,0,0,0,0,1,0,0,0,0,0,0,0
KEI9,0,0,0,1,0,1,0,1,1,1,1,0,0,0,1,1,0,0,0,0
KFA1,0,0,0,0,1,1,0,0,0,0,0,1,1,0,0,1,0,0,1,0
KFA2,0,0,0,0,1,1,NA,0,0,0,0,0,1,1,0,0,0,0,0,0
KFA3,0,0,0,0,1,1,0,0,0,0,1,0,1,1,0,0,0,0,0,0
KFA4,0,0,0,0,1,1,0,0,0,0,1,1,1,0,0,0,0,0,0,0
KFA5,0,0,0,0,1,1,0,0,0,0,1,0,1,1,0,0,0,0,0,0
KFD6,0,0,0,0,0,1,0,1,1,0,1,0,1,1,0,0,0,0,0,0
KFD7,0,0,0,0,0,1,0,1,1,0,1,0,1,1,0,0,0,0,0,0
KFE1,0,0,0,0,0,1,0,1,1,0,1,0,1,1,0,0,0,0,0,0
KFE2,0,0,0,0,0,1,0,1,1,0,1,0,1,1,0,0,0,0,0,0
KFF2,0,0,1,0,1,1,0,0,0,0,0,0,1,0,1,1,0,0,1,0
KFF3,0,0,1,0,1,1,0,0,0,0,0,0,1,0,1,1,0,0,1,0
KFI4,0,0,1,0,1,1,0,0,0,0,1,0,0,0,1,1,0,0,1,0
KFI5,0,0,1,0,0,1,1,0,0,0,0,0,0,0,1,1,0,0,1,0
KFI6,0,0,1,0,0,1,1,0,0,0,0,0,0,0,1,1,0,0,1,0
KFI8,0,0,1,0,0,1,0,1,0,0,0,0,1,0,1,1,1,0,1,0
KHB4,0,0,0,0,0,1,0,1,1,0,1,0,0,0,0,0,0,0,0,0
KHB7,0,0,0,0,0,1,0,1,1,0,1,0,1,1,0,0,0,0,0,0
KHB8,0,0,0,0,0,1,0,1,1,0,1,0,1,1,0,0,0,0,0,0
KHB9,0,0,0,0,0,1,0,1,1,0,1,0,1,1,0,0,0,0,0,0
KHC8,0,0,0,0,1,1,1,1,1,0,0,0,0,0,0,0,0,0,0,0
KHC9,0,0,0,0,1,1,1,0,1,0,0,0,0,0,0,0,0,0,0,0
KHD5,0,0,0,0,1,1,1,0,1,0,0,0,0,0,0,0,0,0,0,0
KHE1,0,0,0,0,0,0,0,0,0,0,0,0,0,0,0,0,0,0,0,0
KHE4,0,0,1,0,1,1,0,0,1,0,0,0,1,0,0,1,0,0,1,0
KHE5,0,0,1,0,1,1,0,0,0,0,0,0,1,0,1,1,0,0,0,0
KHF9,0,0,0,0,1,1,0,0,0,0,0,1,0,0,1,0,0,0,0,0
KHG1,0,0,0,0,0,0,0,0,0,0,0,0,0,0,0,0,0,0,0,0
KHG2,0,0,0,0,1,1,0,1,1,0,0,1,1,0,0,0,0,0,0,0
KHG3,0,0,1,0,0,1,0,0,0,0,0,0,1,0,1,1,0,0,1,0
KHI1,0,0,1,0,0,1,0,0,0,0,0,0,0,0,1,1,0,0,1,1
KHI2,0,0,1,0,0,1,0,1,1,0,0,0,1,0,1,1,0,0,0,0
KHI4,1,1,1,0,1,1,0,1,1,0,1,0,1,0,1,0,1,1,1,0
KHI5,0,0,0,0,0,1,0,1,1,0,1,0,1,0,1,0,0,0,0,0
KHI6,0,0,0,0,0,1,0,1,1,0,1,0,1,1,1,0,0,0,0,0
KYA1,0,0,0,0,0,0,0,0,1,0,1,0,0,0,0,0,0,0,0,0
KYA2,0,0,0,0,0,1,0,1,1,0,1,0,0,0,0,0,0,0,0,0
KYA3,0,0,0,0,0,0,0,1,0,0,1,0,0,0,0,0,0,0,0,0
KYA4,0,0,0,0,0,1,0,0,0,0,0,0,0,0,0,0,0,0,0,0
KYA8,0,0,0,0,0,0,0,1,0,0,0,0,0,1,0,0,0,0,0,0
KYB3,1,1,0,0,1,1,0,0,1,0,1,0,1,0,1,0,1,1,0,0
KYC3,0,0,0,1,0,1,1,0,1,0,0,0,1,0,0,1,0,0,1,0
KYC5,0,0,0,1,0,1,1,0,1,1,1,0,1,0,0,1,0,0,0,0
KYC6,0,0,0,1,0,1,1,0,1,1,0,0,1,0,1,1,0,0,0,0
KYC7,0,0,0,1,0,1,1,0,1,0,1,0,1,0,1,1,0,0,1,0
KYD1,0,0,1,0,1,1,0,0,0,0,0,0,0,0,0,1,0,0,0,0
LBA5,1,1,1,0,1,1,0,1,1,0,1,0,1,1,0,0,1,1,0,0
LBA7,1,1,0,1,0,1,0,1,1,0,1,0,1,1,1,0,1,1,1,0
LBB3,1,1,0,0,1,1,0,0,0,0,0,0,1,0,0,0,0,1,0,0
LBB5,1,1,0,1,1,1,0,0,1,0,0,1,1,0,0,0,0,0,0,0
LBC5,0,0,1,0,0,1,0,1,1,0,1,0,0,0,0,0,0,0,0,0
LBC6,0,0,1,0,0,1,1,0,1,0,0,0,1,0,0,1,0,0,1,0
LBC8,0,0,1,0,0,1,0,0,1,0,0,0,1,0,0,1,0,0,1,0
LBC9,0,0,1,0,0,1,0,1,0,0,0,0,0,0,1,1,1,0,1,0
LBD3,1,1,0,0,1,1,0,0,1,0,0,0,1,0,1,0,0,1,0,0
LBD4,0,0,0,1,0,1,0,1,1,0,1,0,0,0,1,0,0,0,0,0
LBD9,0,0,0,0,1,1,0,0,1,0,0,0,1,0,0,0,0,0,0,0
LBE2,0,0,0,0,1,1,0,0,1,0,0,1,1,0,1,0,0,0,0,0
LBE3,0,0,0,0,1,1,0,0,1,0,0,1,1,0,1,0,0,0,0,0
LBE4,0,0,0,0,1,1,0,0,1,0,0,1,1,0,1,0,0,0,0,0
LBE5,0,0,0,0,1,1,0,0,1,0,0,1,1,0,1,0,0,0,0,0
LBE6,0,0,0,0,1,1,0,0,1,0,0,1,1,0,1,0,0,0,0,0
LBF3,1,1,1,0,1,1,0,0,1,0,1,0,1,1,1,0,1,1,0,0
LBF5,0,0,0,0,0,1,0,1,1,0,1,0,0,0,1,0,0,0,0,0
LBF9,0,0,0,0,0,1,0,0,1,0,1,0,0,1,0,0,0,0,0,0
LBG2,0,0,0,0,0,1,0,1,0,0,1,0,1,0,0,0,0,0,0,0
LBG3,0,0,0,0,0,1,1,0,1,0,0,0,1,0,0,0,0,0,0,0
LBG5,0,0,0,0,0,1,1,0,1,0,0,1,1,0,0,0,0,0,0,0
LBG8,0,0,0,0,0,1,1,0,1,0,0,1,1,0,0,0,0,0,0,0
LBH1,0,0,0,0,1,1,0,0,1,0,0,0,1,0,0,0,0,0,0,0
LBH3,0,0,0,0,0,1,1,0,1,0,0,0,1,0,0,0,0,0,0,0
LBI5,0,0,0,0,1,1,0,0,0,0,0,1,0,0,0,0,0,0,0,0
LBI8,0,0,0,0,1,1,0,0,0,0,0,1,1,0,0,0,0,0,0,0
LBI9,0,0,0,0,1,1,0,0,0,0,0,1,0,0,0,0,0,0,0,0
LCA4,0,0,0,0,0,1,0,1,1,0,1,0,1,1,0,0,0,0,0,0
LCA5,0,0,0,0,0,1,0,1,1,0,1,0,0,1,0,0,0,0,0,0
LCA6,0,0,0,0,0,1,0,1,1,0,1,0,0,1,0,0,0,0,0,0
LCA8,0,0,0,1,0,1,0,1,1,0,1,0,1,1,0,0,0,0,0,0
LCA9,0,0,0,1,0,1,0,1,1,0,1,0,0,1,0,0,0,0,1,0
LCB6,0,0,0,0,0,1,0,1,1,0,1,0,1,1,0,0,0,0,0,0
LCB7,0,0,0,0,0,1,0,1,1,0,1,0,1,1,0,0,0,0,0,0
LCB8,0,0,0,0,0,1,0,1,1,0,1,0,1,1,0,0,0,0,0,0
LCB9,0,0,0,0,0,1,0,1,1,0,1,0,1,1,0,0,0,0,0,0
LCC1,0,0,0,0,0,1,0,1,0,0,1,0,0,1,0,0,0,0,0,0
LCC7,0,0,0,0,0,1,0,1,1,0,1,0,1,1,0,0,0,0,0,0
LCD1,0,0,0,0,1,0,0,0,0,0,0,0,0,0,0,0,0,0,0,0
LCD2,0,0,0,0,0,0,0,0,0,0,0,0,0,0,1,0,0,0,0,0
LCD3,0,0,0,0,1,0,0,0,0,0,0,0,0,0,0,0,0,0,0,0
LCD4,0,0,0,0,0,1,0,0,0,0,0,0,0,0,0,0,0,0,0,0
LCD6,0,0,0,1,1,1,0,0,0,0,0,0,0,0,0,1,0,0,0,0
LCD8,0,0,0,1,1,1,0,0,1,0,0,0,0,0,0,1,0,0,0,0
LCE1,0,0,1,0,1,1,0,0,1,0,0,0,0,0,0,1,0,0,1,0
LCE5,0,0,0,1,1,1,0,0,0,0,0,0,0,0,0,1,0,0,0,0
LCE6,0,0,0,1,1,1,0,0,0,0,0,0,0,0,0,1,0,0,0,0
LCE9,0,0,0,0,0,1,0,0,0,0,0,0,0,0,0,0,0,0,0,0
LCF1,0,0,0,1,0,1,0,0,0,0,0,0,1,0,0,0,0,0,0,0
LCF2,0,0,0,1,0,1,0,0,0,0,0,0,1,0,0,0,0,0,0,0
LCF6,0,0,0,0,0,1,0,0,0,0,0,0,1,0,1,0,0,0,0,0
LCF7,0,0,0,0,0,1,0,0,0,0,0,0,1,0,1,0,0,0,0,0
LCG1,0,0,0,0,0,1,0,0,0,0,0,0,1,0,1,0,0,0,0,0
LCH5,0,0,0,1,0,1,0,0,1,0,1,1,1,0,0,0,0,0,0,0
LCH6,0,0,0,1,0,1,0,1,1,0,1,1,1,0,0,0,0,0,0,0
LCH7,0,0,0,1,0,1,0,1,1,0,1,1,1,0,0,0,0,0,0,0
LDA1,0,0,0,0,1,1,0,0,0,0,0,0,1,0,0,0,0,0,1,0
LDA4,0,0,1,0,0,1,0,1,0,0,0,0,1,0,1,0,0,0,0,0
LDA5,0,0,1,0,0,1,0,0,0,0,0,0,1,0,1,0,0,0,0,0
LDA6,0,0,1,0,0,1,0,0,1,0,0,0,0,0,1,0,0,0,0,0
LDA7,1,1,0,0,1,1,0,0,1,0,0,1,0,0,0,0,0,0,1,0
LDA8,1,1,0,0,1,1,0,0,1,0,1,1,0,0,0,0,0,0,0,0
LDB2,1,1,0,0,1,1,0,0,1,0,0,1,0,0,0,0,0,0,0,0
LDB4,0,0,0,1,1,1,0,0,1,0,1,0,0,0,1,0,0,0,0,0
LDB7,1,1,0,0,1,1,0,0,1,0,0,0,0,0,0,1,0,0,0,0
LDC2,0,0,1,0,0,1,0,1,1,0,0,0,1,0,0,0,0,0,0,0
LDC4,0,0,1,0,0,1,0,1,0,0,0,0,1,0,1,0,0,0,0,0
LDC5,0,0,1,0,0,1,0,0,0,0,0,0,1,0,1,0,0,0,0,0
LDC6,0,0,0,0,1,1,0,0,1,0,0,1,1,0,1,0,0,0,0,0
LDC7,0,0,0,0,1,1,0,0,0,0,0,1,1,0,1,0,0,0,0,0
LDC8,0,0,0,1,1,1,0,0,0,0,0,1,0,0,1,0,0,0,0,0
LDC9,0,0,0,0,1,1,0,0,0,0,0,1,1,0,0,0,0,0,0,0
LDD1,0,0,1,0,1,1,0,0,0,0,1,0,0,1,1,1,0,0,0,0
LDD2,0,0,0,1,0,1,0,0,1,0,1,0,1,0,0,0,0,0,0,0
LDD5,0,0,0,1,0,1,0,0,1,0,0,0,1,0,1,0,0,0,0,0
LDD7,0,0,0,0,0,1,0,1,1,0,1,0,1,0,0,0,0,0,0,0
LDD8,0,0,0,0,0,1,0,0,1,0,1,0,1,0,0,0,0,0,0,0
LDE1,0,0,0,0,0,0,0,0,0,0,0,0,0,0,1,0,1,0,0,0
LDE3,0,0,0,0,0,1,0,0,0,0,0,0,1,0,0,0,0,0,0,0
LDE7,0,0,0,1,0,1,0,0,0,0,0,0,0,0,1,0,0,0,0,0
LDE9,0,0,0,1,0,1,0,1,1,0,1,0,0,0,0,1,0,0,0,0
LDF3,1,1,0,0,0,0,0,0,0,0,0,0,0,0,0,0,0,0,0,0
LDF5,0,0,0,0,0,1,0,0,1,0,0,0,1,0,1,0,0,0,0,0
LDF7,0,0,0,1,0,1,0,0,1,0,1,0,1,0,1,0,0,0,0,0
LDG2,0,0,0,1,0,1,0,1,0,0,1,0,1,1,0,0,0,0,1,0
LDG6,0,0,0,1,0,1,0,1,1,0,1,0,1,1,0,0,0,0,0,0
LDG9,0,0,0,1,0,1,0,1,1,0,1,0,0,1,0,0,0,0,1,0
LDH2,0,0,0,1,0,1,0,1,0,0,1,0,1,1,0,0,0,0,1,0
LDH3,0,0,0,1,0,1,0,1,0,0,1,0,0,1,1,1,1,0,0,0
LDH5,1,1,0,0,1,1,0,0,1,0,0,0,1,0,1,0,1,1,0,0
LDH6,1,1,0,0,0,1,0,1,1,1,0,0,1,0,1,0,1,1,0,0
LDH7,1,1,0,0,0,1,0,0,0,1,0,0,1,0,1,0,1,1,0,0
LDI2,1,1,0,0,0,0,0,0,0,0,0,0,0,0,1,0,1,1,0,0
LDI5,0,0,0,0,0,1,0,0,0,0,0,0,0,0,0,0,0,0,0,0
LDI6,0,0,0,0,0,1,0,0,0,0,0,0,0,0,0,0,0,0,0,0
LEA1,0,0,0,1,1,1,0,0,0,1,0,0,0,0,0,0,0,0,0,0
LEA2,0,0,0,1,0,1,0,1,0,1,1,0,0,0,0,0,0,0,0,0
LEC9,0,0,0,0,0,1,0,0,0,0,0,0,1,0,0,0,0,0,0,0
LED3,0,0,0,0,0,1,0,0,0,0,0,0,0,0,0,1,0,0,1,0
LED4,1,1,0,0,1,1,0,1,1,1,1,0,1,0,1,0,1,1,0,0
LED5,1,1,0,0,1,1,0,0,1,1,1,0,1,0,1,0,1,1,0,0
LED6,1,1,0,0,1,1,0,0,1,1,1,0,1,0,0,0,1,1,0,0
LED8,1,1,0,0,1,1,0,0,1,1,1,0,1,0,1,0,1,1,0,0
LEE7,0,0,0,1,0,1,0,1,1,0,1,0,1,0,1,0,0,0,0,0
LEE8,0,0,0,0,0,1,0,0,1,0,1,0,0,0,0,0,0,0,0,0
LEF2,0,0,0,0,1,1,0,0,1,0,0,0,0,0,0,0,0,0,0,0
LEF3,0,0,0,1,0,1,0,0,0,0,0,0,1,0,0,0,0,0,0,0
LEF4,0,0,0,1,1,1,0,0,0,0,0,0,1,0,0,0,0,0,0,0
LEF6,0,0,0,1,1,1,0,0,1,0,0,0,1,0,0,0,0,0,0,0
LEG1,0,0,0,0,0,1,0,0,1,0,0,0,1,0,0,0,0,0,0,0
LEG9,0,0,1,0,0,1,0,0,1,0,1,0,1,0,1,0,0,0,0,0
LEI5,0,0,1,0,1,1,0,0,0,0,0,0,1,0,0,1,0,0,0,0
LEI9,0,0,1,0,0,1,0,1,0,0,1,0,0,0,1,1,0,0,1,0
LFA1,0,0,0,0,0,1,0,0,0,0,0,0,0,0,0,0,0,0,0,0
LFA4,0,0,0,0,0,1,0,0,0,0,0,0,0,0,0,0,0,0,0,0
LFA5,0,0,0,0,0,1,0,0,0,0,0,0,0,0,0,0,0,0,0,0
LFA6,0,0,1,0,1,1,0,0,1,0,0,0,1,0,1,0,0,0,0,0
LFA7,0,0,1,0,1,1,0,0,1,0,0,0,1,0,1,1,0,0,0,0
LFB2,0,0,1,0,1,1,0,0,1,0,0,0,1,0,1,0,0,0,0,0
LFB5,0,0,1,0,1,1,0,0,1,0,1,0,1,0,1,0,0,0,0,0
LFB6,0,0,1,0,1,1,0,0,1,0,0,0,1,0,1,0,0,0,0,0
LFB7,0,0,0,1,0,1,0,0,1,0,0,0,0,0,0,0,0,0,0,0
LFB8,0,0,0,0,0,1,0,0,1,0,0,0,1,0,1,0,0,0,0,0
LFC4,0,0,0,1,1,1,0,0,1,0,0,0,1,0,0,0,0,0,0,0
LFC6,0,0,0,1,0,1,0,1,1,0,1,0,1,0,1,0,0,0,0,0
LFC7,0,0,0,1,0,1,0,0,1,0,0,0,0,0,0,0,0,0,0,0
LFC8,0,0,0,0,0,1,0,1,1,0,1,0,0,0,0,0,0,0,0,0
LFC9,0,0,1,0,0,1,0,1,0,0,0,0,1,0,1,0,0,0,0,0
LFD2,0,0,0,0,0,0,0,0,1,0,1,0,1,0,0,0,0,0,0,0
LFD3,0,0,0,0,0,1,0,1,1,0,1,0,0,0,0,0,0,0,0,0
LFD5,0,0,0,0,0,1,0,1,1,0,1,0,1,1,0,0,0,0,0,0
LFF5,0,0,0,1,1,0,1,0,1,0,0,1,0,0,0,0,0,0,0,0
LFF7,0,0,0,1,1,1,0,0,1,1,1,0,1,1,0,1,1,1,0,0
LFF9,0,0,0,1,0,1,0,1,1,0,1,0,1,1,0,0,0,1,0,0
LFG4,0,0,0,1,0,1,0,1,1,0,1,0,1,1,0,0,1,1,0,0
LFG5,0,0,0,1,0,1,0,1,1,0,1,0,1,1,0,1,0,0,1,0
LFG7,0,0,0,1,0,1,0,1,1,0,1,0,1,1,1,1,0,1,0,0
LFG8,1,1,0,0,1,1,0,0,1,0,0,0,1,1,1,0,1,1,0,0
LFG9,1,1,0,0,1,1,0,1,1,1,1,0,1,1,1,0,1,1,0,0
LFH3,1,1,0,0,1,1,0,0,1,0,1,0,1,1,0,0,1,1,0,0
LFH4,1,1,0,0,1,1,0,0,1,0,1,0,1,1,0,0,1,1,0,0
LFH5,1,1,0,0,1,1,0,0,1,0,1,0,1,1,1,0,1,1,0,0
LFH6,0,0,0,0,0,1,0,0,0,0,0,0,0,0,1,0,0,0,0,0
LFH7,0,0,0,0,0,1,0,0,0,0,0,0,0,0,1,0,0,0,0,0
LFI1,0,0,0,0,0,1,0,0,0,0,0,0,1,0,0,0,0,0,0,0
LFI2,0,0,0,0,0,1,0,0,0,0,0,0,1,0,0,0,0,0,0,0
LFI3,0,0,0,0,0,1,0,0,0,0,0,0,1,0,0,0,0,0,0,0
LFI4,0,0,0,0,1,1,0,0,0,0,0,0,1,0,0,0,0,0,0,0
LFI5,0,0,0,0,1,1,0,0,1,0,0,1,1,0,0,0,0,0,0,0
LFI8,0,0,0,0,1,1,0,0,0,0,0,1,1,0,0,0,0,0,0,0
LGA1,0,0,0,0,1,1,0,0,0,1,0,0,1,0,0,0,0,0,0,0
LGA2,0,0,0,0,1,1,0,0,1,0,0,1,1,0,0,0,0,0,0,0
LGB5,0,0,0,0,1,1,0,0,0,0,0,1,1,0,0,0,0,0,0,0
LGB6,0,0,0,1,1,1,0,0,0,0,0,1,1,0,0,0,0,0,0,0
LGC1,0,0,0,1,1,1,0,0,0,0,0,0,1,0,0,0,1,1,0,0
LGC3,0,0,0,1,1,1,0,0,0,0,0,1,1,0,0,1,0,0,0,0
LGC4,0,0,0,1,1,1,0,0,0,0,0,1,1,0,0,1,0,0,0,0
LGC8,0,0,0,0,0,1,0,1,1,0,1,0,1,0,0,0,0,0,0,0
LGD2,0,0,1,0,0,0,0,0,0,0,0,0,0,0,0,0,0,0,0,0
LGD4,0,0,1,0,0,1,0,1,0,0,0,0,0,0,0,1,0,0,0,0
LGE2,0,0,0,1,0,1,0,1,1,0,1,0,0,1,1,1,0,0,1,0
LGE9,0,0,0,0,0,1,0,1,1,0,0,0,1,0,0,1,0,0,0,0
LGF1,0,0,0,0,0,0,0,0,0,0,NA,0,0,0,NA,0,0,0,0,0
LGG4,0,0,0,1,0,1,0,1,1,0,1,0,1,1,1,1,0,0,0,0
LGG5,0,0,0,0,0,1,0,1,1,0,1,0,1,1,0,0,0,0,0,0
LGG6,0,0,0,0,0,1,0,1,1,0,1,0,1,0,0,0,0,0,0,0
LGH1,0,0,0,0,0,1,0,0,0,0,0,0,1,0,0,0,0,0,0,0
LGH4,0,0,0,0,1,1,0,0,0,0,0,0,1,0,1,0,0,0,0,0
LGH5,0,0,0,0,1,1,0,0,0,0,0,1,1,0,1,0,0,0,0,0
LGH6,0,0,0,0,1,1,0,0,0,0,0,0,1,0,0,0,0,0,0,0
LGH8,0,0,0,0,0,1,0,1,1,0,1,0,1,1,0,0,0,0,0,0
LGH9,0,0,0,0,0,1,0,1,1,0,1,0,1,1,0,0,0,0,0,0
LGI3,0,0,0,0,0,1,0,1,1,0,1,1,0,1,0,0,0,0,0,0
LGI5,0,0,0,0,0,1,0,1,1,0,1,0,0,0,0,0,0,0,0,0
LGI8,0,0,0,0,0,1,0,1,1,0,1,0,1,1,0,0,1,0,0,0
LHA1,0,0,0,0,0,0,0,1,0,1,1,0,0,1,0,0,0,0,0,0
LHA4,0,0,0,1,0,1,0,1,0,1,1,0,0,0,0,0,0,0,0,0
LHA5,0,0,0,1,0,1,0,1,1,0,1,0,1,1,1,0,0,0,0,0
LHA7,0,0,0,1,0,1,0,0,0,1,1,0,0,0,1,0,0,0,0,0
LHA8,0,0,0,1,0,1,0,1,1,1,1,0,0,1,0,0,0,0,0,0
LHB1,0,0,0,0,0,1,0,0,0,0,0,0,1,0,0,0,0,0,0,0
LHB8,0,0,0,0,1,1,0,0,0,0,0,1,1,0,0,0,0,0,0,0
LHC1,0,0,0,0,0,1,0,1,1,0,1,0,0,0,0,0,0,0,0,0
LHC2,0,0,0,0,0,1,0,1,1,0,1,0,1,1,1,0,1,0,0,0
LHC5,0,0,0,0,0,1,0,1,1,0,1,0,1,1,0,0,1,0,0,0
LHC7,0,0,0,0,0,1,0,0,1,0,1,0,1,1,1,0,1,0,0,0
LHC9,0,0,0,0,0,1,0,1,1,0,1,0,0,1,1,0,1,0,0,0
LHD3,0,0,0,0,1,1,0,0,0,0,0,1,1,0,0,1,0,0,0,0
LHD8,0,0,0,0,0,1,0,1,0,0,1,1,0,1,1,0,0,0,0,0
LHD9,0,0,0,1,1,1,0,0,0,0,0,0,1,0,0,0,0,0,0,0
LHE1,0,0,1,0,1,1,0,0,0,0,0,1,1,0,0,1,0,1,0,0
LHE2,0,0,0,0,1,1,0,0,0,0,0,0,1,0,1,0,0,0,1,0
LHE5,0,0,1,0,1,1,0,0,0,0,0,1,0,0,0,0,0,0,0,0
LHE7,0,0,0,0,1,1,0,0,0,0,0,0,1,0,0,0,0,0,0,0
LHF3,1,1,0,0,1,1,0,0,1,0,1,0,1,1,0,0,1,1,0,0
LHF5,1,1,0,0,1,1,0,0,1,0,1,0,1,0,1,0,1,1,0,0
LHF8,1,1,0,0,0,1,0,1,1,1,1,0,1,1,1,0,1,1,0,0
LHF9,1,1,0,0,0,1,0,0,1,0,1,0,0,0,1,0,1,0,0,0
LHG3,1,1,0,0,0,1,0,1,1,0,1,0,0,0,0,0,1,0,0,0
LHG8,0,0,0,1,1,1,0,0,0,1,0,0,0,0,0,0,0,0,1,0
LHG9,0,0,0,0,1,1,1,0,0,1,1,0,0,0,1,1,0,0,0,0
LHH2,0,0,0,1,1,1,0,0,0,1,0,0,0,0,1,0,0,0,1,0
LHH4,0,0,0,1,1,1,0,0,0,1,0,0,0,0,0,1,0,0,0,0
LHH7,0,0,0,1,1,1,0,0,0,1,0,0,0,0,1,0,0,0,0,0
LHH9,0,0,0,1,0,1,0,1,1,0,0,0,0,0,0,0,0,0,0,0
LHI1,0,0,0,1,0,1,0,0,0,0,0,0,0,0,0,0,0,0,0,0
LHI3,0,0,0,1,0,1,0,1,1,0,1,0,1,0,0,1,0,0,0,0
LHI4,0,0,0,1,0,1,0,1,1,0,1,0,1,0,1,0,0,0,0,0
LHI5,0,0,0,1,0,1,0,1,0,0,0,0,1,0,1,0,0,0,0,0
LIA3,0,0,0,1,1,1,0,0,1,0,0,0,1,0,0,1,0,0,0,0
LIA4,0,0,0,1,0,1,0,1,1,0,0,0,1,0,1,1,0,0,0,0
LIA5,1,1,0,0,1,1,0,0,1,0,0,0,1,0,0,0,0,0,0,0
LIA8,0,0,0,1,0,1,0,1,1,0,1,0,1,1,1,1,0,0,0,0
LIB1,0,0,0,0,0,1,0,0,0,1,0,0,1,0,0,1,0,0,0,0
LIB2,0,0,0,1,0,1,0,1,1,0,1,0,1,1,1,1,0,0,1,0
LIB3,0,0,1,0,0,1,0,1,0,0,1,0,1,1,1,0,0,0,0,0
LIC8,0,0,0,0,0,1,0,1,1,0,0,0,0,0,0,1,0,0,0,0
LIC9,0,0,0,0,0,1,0,1,1,0,0,0,0,0,0,1,0,0,1,0
LID1,0,0,0,0,0,1,0,1,0,0,0,0,0,0,0,1,0,0,1,0
LJA7,0,0,0,0,0,1,0,0,1,0,1,0,1,0,1,0,0,0,0,0
LJB4,0,0,1,0,0,1,0,1,1,0,1,0,1,0,1,0,0,0,1,0
LJB5,0,0,0,1,0,1,0,1,1,0,0,0,1,1,1,0,0,0,0,0
LJB6,0,0,0,1,0,1,1,0,1,1,0,1,1,0,1,0,0,0,0,0
LNH7,1,1,0,0,1,1,0,0,1,0,0,0,0,0,0,1,0,0,0,0
LNH9,1,1,0,0,1,1,0,0,1,0,0,0,0,0,0,1,0,0,1,0
LOE1,0,0,0,0,1,1,0,0,1,0,0,1,1,0,0,0,0,0,0,0
LPA4,0,1,0,0,1,1,0,0,1,0,0,0,1,0,1,0,1,1,0,0
MOD4,0,0,1,0,1,1,0,0,0,0,0,0,0,0,0,1,0,0,1,0
MOD9,0,0,0,0,1,1,0,0,0,0,1,1,0,0,0,0,0,0,0,0
MOE2,0,0,0,0,0,1,0,1,1,0,0,0,NA,1,0,0,0,0,0,0
MOE5,0,0,1,0,1,1,0,0,1,0,1,0,1,1,0,0,0,0,0,0
MOE6,0,0,1,0,0,1,0,1,1,0,1,0,1,1,0,0,0,0,0,0
MOE7,0,0,1,0,1,1,0,0,1,0,1,0,1,1,0,0,0,0,0,0
MPB2,0,0,0,0,0,1,0,1,1,0,1,0,0,0,0,0,1,0,0,0
MUA4,0,0,0,0,1,1,0,0,1,0,0,0,1,0,0,0,0,0,0,0
OMF6,0,0,0,0,1,1,0,1,1,0,1,0,1,0,0,0,0,0,0,0
OMF7,0,0,0,1,1,1,0,1,1,0,0,0,1,0,0,1,0,0,0,0
OMF8,0,0,0,0,1,0,1,1,1,0,1,0,1,0,0,1,0,0,0,0
OMG5,0,0,0,0,1,1,0,1,1,0,1,0,1,0,0,0,0,0,0,0
OMH3,0,0,0,0,0,1,0,1,1,0,1,0,0,1,0,0,0,0,0,0
OMH4,0,0,0,0,0,1,0,1,1,0,1,0,1,0,0,0,0,0,0,0
OMH5,0,0,0,0,0,1,0,1,1,0,1,0,1,0,1,0,0,0,0,0
OMI1,0,0,0,0,0,1,0,1,0,0,1,0,0,1,0,0,0,0,0,0
ONE7,0,0,0,0,1,1,0,0,1,0,1,0,1,1,0,0,0,0,0,0
ONE8,0,0,0,0,1,1,0,1,1,0,1,0,1,1,0,0,0,0,0,0
ONE9,0,0,0,0,1,1,0,1,1,0,1,1,1,1,0,0,0,0,0,0
ONF1,0,0,0,0,0,1,0,1,1,0,1,0,1,1,0,0,0,0,0,0