ID,d15N,d13C
88-05-a,5.817516413,-22.50409346
IZG2,6.843704004,-20.25689492
KCC7,8.342877424,-20.92421619
89-07-a,5.639581769,-21.72942695
ILI2,6.947720947,-20.32339622
MOB4,8.259643688,-20.73276674
89-07-c,6.119706247,-22.58114098
89-07-d,5.217109765,-21.75858193
IXC9,7.940886882,-20.42263575
JBA7,7.457958876,-11.86732695
88-06,6.36225258,-21.47327661
88-10,4.952690933,-18.43343208
89-28-a,5.568010188,-17.66684508
89-28-c,5.188282187,-17.61164066
89-15-b,6.098831326,-19.19684752
89-15-c,5.861254481,-18.07097563
89-15-d,6.0779564,-18.43134903
89-02,5.005375953,-19.93001557
89-05-a,5.058060941,-20.62148681
89-05-b,5.383116659,-20.76415004
89-05-c,4.964619619,-20.43300222
89-07-b,5.600813836,-22.10635403
88-11-b,7.633621512,-19.39055805
93-43-b,6.748933634,-19.0343783
88-19,6.578953231,-22.44995166
91-06-b,6.83143862,-19.65195834
IOA7,6.664454678,-22.44687091
JEF7,7.323656216,-19.92862211
IVH7,6.577934184,-18.57281643
89-16-a,5.523277919,-21.36498383
89-16-b,5.597831687,-20.17161832
89-17,6.586905538,-21.61593009
89-30-a,6.864241785,-18.2188758
89-30-b,6.469608935,-18.70943351
89-30-c,6.762850143,-18.39906166
89-30-d,6.321496892,-19.01771467
89-30-e,6.347341965,-19.62696412
89-31-a,8.543150652,-20.29241794
89-31-c,9.563998635,-20.64439634
90-01-a,6.479549331,-16.2116582
90-01-b,6.333425388,-15.85330406
90-02-a,5.985510235,-15.56890522
90-02-b,6.342371759,-16.27416077
90-07,6.952710865,-18.53341821
90-08-a,6.635613403,-18.94481103
90-08-b,6.09982537,-19.1281108
90-10,6.671398755,-18.57195432
90-84,5.79167118,-19.4363816
91-15,6.633625327,-12.49219064
91-21,5.843361638,-18.65735824
91-23-a,6.636607441,-17.36686341
91-23-b,6.564042654,-17.45852524
91-44-a,6.764838216,-14.16244187
91-44-b,6.608774379,-14.392696
91-52-a,6.245949711,-20.37468597
91-52-b,5.850319966,-20.92139011
93-03-b,6.000420914,-21.73775695
93-18-b,7.60976488,-20.83912568
93-38-a,6.604798227,-18.99480215
93-38-b,6.608774379,-19.24267179
93-38-c,6.422889056,-19.71340223
93-47-a,4.961637448,-19.82795783
93-47-b,4.916904863,-19.68424245
93-47-c,4.905970227,-19.14789868
93-53,6.120563272,-20.77125195
93-54-a,5.918909174,-22.20006342
93-54-b,5.736004499,-22.32500817
93-55-a,6.119706247,-21.93038673
93-55-b,5.548129182,-22.30418413
93-55-c,5.422878742,-21.50659728
94-18-a,6.504400317,-18.61361484
94-18-b,5.978551918,-19.97687854
94-25-a,5.504390954,-17.49185665
94-25-b,5.541170829,-18.69381095
94-77-a,5.777754513,-20.74540606
94-77-b,5.586897138,-20.68084324
94-78,5.788689038,-18.46259478
94-85-a,5.867218762,-21.70235439
94-85-b,5.780736657,-22.15841489
96-36,5.988723191,-22.09031761
96-37-a,5.918193783,-21.90886547
96-37-b,6.239253108,-21.59955336
96-37-c,6.039183507,-22.08419094
98-31-a,6.815534051,-21.95641755
98-31-b,5.68133183,-22.45828118
INA1,9.074554828,-19.4868861
JZF5,8.586933468,-16.04371742
JZF6,8.039062485,-16.1708671
JZF7,8.866787929,-16.6826574
JZF8,8.195847773,-17.93273726
JZF9,8.376351591,-15.98058299
JZG1,8.803155149,-17.21265461
JZG2,8.204313412,-15.96008651
JZG3,9.240883173,-16.42013733
JZG4,9.046455618,-16.48176285
JZG5,8.390404069,-16.50374913
JZG6,9.046807669,-21.57797535
JZG7,8.642647492,-20.61981672
JZG8,8.209985233,-20.08527501
JZG9,8.782346366,-19.6947025
JZH1,8.818963543,-20.82410278
JZH2,8.352675713,-18.09841284
JZH3,8.15478854,-17.78712874
JZI1,7.862492299,-21.28812688
JZI2,8.510025509,-21.01190658
JZI3,9.348861826,-23.65435374
JZI4,7.783621669,-19.97319095
JZI5,9.157492878,-22.47321446
JZI6,8.732939866,-23.15487999
JZI7,9.339907413,-24.00867751
JZI8,9.023776727,-22.66578038
JZI9,8.981675203,-20.91932574
KAA1,7.287300805,-20.14153511
KAA2,7.657650635,-21.2668567
KAA5,8.443657879,-20.73140923
KAA6,8.481550508,-20.82550589
KAA7,8.071711807,-21.73476599
KAA8,8.311033676,-22.57549917
KAA9,8.107610087,-22.02421549
KAD6,8.627537039,-20.64385777
KAE1,8.272006482,-20.97413574
KAH2,9.297412509,-20.15117545
KAH3,9.410933838,-19.94718428
KAH4,9.444660289,-20.87749573
KAH5,9.981708283,-20.83118789
KAH6,9.173606951,-21.39839193
KAH7,8.988490208,-20.93274953
KAH8,9.004394856,-22.13622912
KAH9,9.516352293,-21.79765142
KAI4,9.826473008,-18.27729696
KAI5,9.223482472,-18.09496836
KAI6,10.27462962,-18.89243339
KAI7,8.598629305,-19.11854896
KAI8,10.64308091,-19.89806635
KAI9,7.117095708,-18.42249479
KCA1,7.361546752,-22.63485678
KCA2,8.760881438,-20.14910702
KCA3,8.580259728,-18.22478381
KCA4,6.593432966,-14.98670617
KCA5,6.182989055,-15.68255971
KCA6,8.553664983,-16.45474554
KCA7,6.951804604,-15.32798719
KCA8,8.449795168,-16.62436275
KCA9,6.363182942,-16.23283316
KCB1,7.276069127,-16.18347666
KCB2,6.555727731,-15.46569409
KCB3,5.265436379,-14.26597833
KCB4,6.970769105,-15.49848634
KCB8,8.327429537,-21.12788147
KCB9,7.883755224,-21.50907761
KCC1,8.184649398,-21.1430547
KCC2,8.433281809,-21.3650892
KCC5,8.567698638,-21.40959726
KDF7,9.756785701,-18.96092792
LEC7,8.488632075,-18.51926305
LEC8,9.012688643,-19.14454217
KEH4,6.83880885,-19.46030886
KEH5,6.840586626,-19.50960745
KEH8,6.755482072,-18.64093948
KEH9,9.27837718,-17.77496181
KEI1,9.604480682,-17.35973571
KEI2,4.976200665,-15.45881653
LEC9,5.923505684,-19.80053412
LED1,6.232564134,-19.7146848
LED3,5.499540437,-19.76700639
JBA1,9.230350004,-20.29134853
JBA2,8.403582264,-20.86717477
JBA3,8.371315011,-21.11752929
JBA4,8.494848654,-21.00817014
JBA5,8.710671449,-20.64477422
KEB7,5.997727225,-19.31579242
KEB8,7.4113557,-19.10469961
KEB9,7.504304319,-19.75569126
KEC3,5.548534646,-22.62129534
KEC4,5.293362742,-23.08327019
KEC5,4.946591501,-22.65206223
KEC8,5.211146264,-22.49282342
KEC9,5.667860504,-21.98634725
KED1,4.847475348,-22.86341053
KED2,5.245357034,-22.4649712
KED3,5.673508703,-21.3274758
KED4,5.262254264,-22.15175189
KED5,5.445242524,-22.53383163
KED8,4.809821421,-16.07097715
KED9,3.874291782,-12.75082298
KEE1,4.3990609,-15.10385329
KEE2,4.617465735,-14.40339503
KEE3,4.71431458,-14.86086469
KEE4,4.222162049,-15.45353444
KEE5,4.773782676,-15.27447062
KEE6,4.699983327,-13.55251252
KEE7,4.523757087,-17.086989
LCI9,8.309141464,-20.88463395
KFA1,6.627793964,-21.79561994
KFA2,6.497379382,-22.43847627
KFA3,6.977818655,-21.67826922
KFA4,6.755426078,-21.80297759
KFA5,6.807967724,-21.81288064
KFA6,6.3903747,-21.93427066
KFB2,6.213217025,-22.58496554
KFB3,6.36652637,-22.29372678
KFB4,6.110969381,-22.53492808
KFB5,6.513369374,-21.97035418
INA7,6.176564797,-15.99833806
INA8,6.454790941,-18.7689665
INA9,5.618588927,-18.38433659
INB1,5.808790181,-19.32700419
INB2,5.886872826,-18.20757987
INB3,6.409430227,-13.36370023
INB4,6.588506103,-15.91742238
INB5,6.532478428,-17.01304095
INB6,6.5180995,-15.68415321
INB8,6.400447416,-18.19386783
INB9,6.489195943,-18.32989887
INC1,6.618828622,-19.96738528
INC2,6.748786046,-20.28304885
INC3,6.253260811,-20.45254667
INC4,6.332344598,-21.39198485
INC5,6.930979308,-20.72952682
INC6,5.878864349,-20.81530696
INC8,6.983888243,-21.53064959
INC9,6.708005914,-22.12173194
IND2,6.562075481,-17.45136062
IND3,6.635494937,-16.60624834
IND4,6.079139713,-16.52059456
IND5,6.070196293,-16.86353598
IND6,6.281222019,-15.7069032
JBG3,8.419549897,-19.91016716
JBG4,8.743852946,-19.91165908
JBG5,9.529035067,-19.89558531
IRG1,5.78566596,-24.77937062
IRG2,5.989486381,-24.54988148
IRG3,5.99218652,-23.82161497
IRG4,5.441308064,-24.88974984
IRG5,5.63815897,-24.83990083
IRG6,5.142573132,-24.11589338
IRG7,5.812217248,-23.42842678
IRG8,5.991257211,-23.40909953
IRG9,6.156365015,-23.8716667
IRH1,5.891575189,-23.4765733
IRH6,6.143355726,-22.29038177
IRH7,6.713985,-21.62003356
IRH8,6.31683085,-22.32298229
IRH9,6.356120087,-21.38526761
IRI1,6.025659465,-22.30006334
IRI2,6.378651973,-22.06973593
IRI3,5.696527588,-21.11336215
IRI5,6.051360451,-22.28424488
IRI6,6.257242789,-22.2170306
IRI7,6.356212593,-22.29649437
IVA1,5.782199253,-20.64856326
IVA2,6.377512404,-21.55577778
IVA3,6.231924933,-20.87869096
IVA4,5.449142984,-21.99762295
IVA5,6.115255521,-20.86744027
IVA6,5.197363817,-22.24051973
IVA7,5.932218167,-20.26226941
IVA8,6.092796316,-20.91508293
IVA9,6.368623719,-21.33334424
IOE4,6.264595777,-17.76008573
IOE5,5.141016077,-20.25785757
IOE6,10.11586049,-19.5610511
IOE7,10.25181273,-19.50816843
IOE8,6.827462736,-16.48443274
IOE9,5.142085105,-15.14243411
IOF1,5.620591045,-15.22617822
IOF2,5.495458687,-14.64409532
IOF3,5.884542136,-14.85619028
IOF4,5.032442143,-13.32232868
IOF5,4.726691351,-15.40237394
IOF6,5.652709667,-15.52557076
IOF7,5.558525391,-15.01216456
IOF8,5.85484794,-17.58674973
IOF9,5.642006178,-15.94756558
IOG3,4.662987464,-16.04903514
IOG4,4.430057196,-14.4526087
IOG5,4.68226436,-16.70539479
IOG6,4.70546255,-16.76735693
IOG7,4.218024955,-13.85315004
IOG8,5.748416888,-17.05613598
IOG9,4.458847679,-15.73552365
IOH1,4.962774371,-15.42515006
IOH2,5.194461271,-17.45654143
IOH4,9.20391519,-20.50424442
IOH5,9.440204492,-20.39049758
IOH6,7.579058222,-21.17377476
IOH7,5.973827679,-22.99023464
IOH8,6.068084481,-19.56313235
IOH9,6.132764824,-19.03381082
IOI1,5.356808867,-19.89713186
IOI2,4.842702758,-21.88808748
IOI3,6.334683348,-18.54841776
IOI4,5.006907182,-20.24254544
IOI5,6.030972875,-19.34188442
IOI6,5.104748687,-20.90927928
IOI7,5.897488499,-20.93640166
IOI8,5.403785985,-21.27706457
IOI9,7.118897038,-14.61643275
IRA3,6.432266746,-18.44371967
IRA4,6.510769873,-20.27458515
IRA5,6.568170674,-20.06255329
IRA6,6.603344623,-17.56814542
IRA7,6.808433712,-19.48324717
IRA8,4.94092692,-16.25912238
IRA9,4.482860728,-12.10516966
IRB1,4.561931154,-12.20084836
IRB3,6.459303749,-18.51687147
IRB4,6.246175477,-20.21515486
IRB5,6.631151556,-18.09204593
IRB6,6.201490421,-14.90517635
IRB7,6.854179433,-19.71188431
IRB9,6.265828864,-16.68525293
IRC1,5.784193602,-16.94913269
IRC2,6.951884891,-17.1086879
IRC6,6.446123889,-17.88145327
IRC7,6.873885568,-19.52747712
IRC8,6.919300594,-21.21456458
IRC9,7.125177938,-19.1010096
IRD1,6.915243705,-17.67090196
IWF4,5.928737766,-20.02160886
IWF5,5.699188534,-20.57086629
IWF6,5.718502728,-20.97440236
IWF7,5.94870119,-21.12623791
IWF8,5.808103143,-21.2464835
IWF9,5.70468001,-19.98745664
IWG2,6.024018018,-19.79521525
IWG3,5.987979861,-21.59970752
IWG8,6.145170755,-19.33325563
IWG9,6.168105768,-18.90982067
IWH1,5.964682178,-20.59333261
IWH2,5.142260559,-10.97469458
IWH3,7.186907893,-12.3120122
IWH4,5.596284451,-15.70949608
IWH5,7.068774474,-16.32321456
IWH6,4.852669693,-12.94208834
IWH7,4.910976356,-13.05092821
IWH8,4.406966977,-13.41230968
IWH9,4.549940345,-14.77713132
IWI1,4.394332936,-14.96814059
ITB5,7.110022819,-19.76945109
ITB6,8.223579864,-19.66005327
ITB7,8.181602463,-19.81787972
ITB8,8.595076676,-19.71155345
ITB9,8.824081491,-19.92571895
ITC1,9.157060144,-20.0581634
ITC3,6.353563434,-22.68239848
ITC4,6.611554108,-22.57444327
ITC5,6.429937682,-22.31907181
ITC6,6.524469282,-22.37774172
ITC7,6.39505446,-22.38764477
ITD5,9.008806291,-20.07859663
ITD6,8.851971562,-20.13472968
ITD8,6.827478693,-21.95795802
ITD9,6.349627841,-22.34751335
ITE1,6.853065338,-21.90586495
ITE2,6.442717729,-22.13318695
ITE3,6.404690154,-22.39565431
ITE4,8.726741632,-20.0236268
ITE6,6.289507705,-22.57685935
ITE7,6.445794051,-22.65548311
ITE8,6.36561572,-22.47679397
ITE9,6.92803538,-22.11078575
ITF1,6.395662815,-22.33985823
ITF2,8.901600031,-20.10614687
ITF3,8.471680524,-20.22264317
ITF8,8.690256203,-20.58139344
ITF9,6.344110667,-15.29054045
ITG1,4.126300355,-10.12554627
ITG3,5.831610756,-20.61892451
ITG4,5.79918726,-20.4539372
ITG5,5.672152472,-20.87967753
ITG6,5.681557125,-21.3208014
ITH6,6.697388252,-20.93207771
ITH7,6.512545606,-20.50550325
ITH8,7.281700768,-20.02718687
ITI2,7.707065837,-20.41920209
IUH5,8.160509603,-18.91310827
IUH6,8.636759103,-19.81873692
IUI3,6.972030167,-19.33627576
IXC5,6.369107073,-21.20872672
IXC6,6.65985896,-21.31601101
IXC7,6.682149132,-21.12536066
IXC8,6.396988747,-21.12827643
IXD5,7.070911761,-19.53160423
IXD6,7.501411918,-19.24409195
IXD7,6.587404846,-18.64817747
IXD8,6.771980831,-19.41862652
IXD9,6.295571805,-19.71790119
IXE1,6.442006117,-19.24216309
IXE2,6.902218815,-20.35421569
IXE3,6.515172177,-19.5834122
IXE4,7.165383653,-19.29352358
IXE5,7.327214413,-19.75102614
IXE6,7.968631733,-19.01627307
IXE8,8.300007667,-19.37847841
IXE9,9.025858566,-19.68696628
IXF1,7.962966494,-19.80565441
IXF2,8.920811426,-19.60258009
IXF3,7.508685824,-19.9801349
IXF4,6.387757784,-23.22485364
IXF5,8.055807381,-20.05065111
IXF6,8.725154105,-19.78989943
IXF7,7.559043265,-20.42428093
IXF9,6.907997293,-22.18122878
IXG1,8.120477255,-19.95047336
IXG2,9.071116469,-19.76257918
IXG3,8.761101759,-20.23212325
IXG4,7.36157865,-20.45802435
IXG5,8.044210529,-19.93136244
IXG6,5.82982246,-21.4504673
IXG7,8.814484068,-20.16264313
IXG8,8.588898965,-20.20315429
IXG9,7.952539529,-19.589412
IXH1,7.627522356,-19.9535846
IXH2,8.137089047,-19.28939128
IXH3,8.238791088,-20.32931575
IXH4,8.379195146,-19.77182614
IXH5,7.798505608,-20.30425447
IXH6,8.26269605,-19.56928565
IXH7,7.624057144,-20.63833665
IXH8,8.528777487,-20.60948035
IXI1,7.560707115,-20.25827496
IXI2,8.478066434,-20.08458889
IXI3,5.327755489,-21.28791575
IXI4,5.5425,-21.4623
IXI5,5.839500089,-21.18388724
IXI6,5.730961909,-21.46293173
IXI7,5.774650663,-21.25878203
IXI8,6.034654262,-21.39547559
IYB4,5.7855237,-20.94415042
IZA4,5.585741684,-21.51808458
IZA5,8.582276271,-20.33262846
IZA6,8.548315546,-20.48404227
IZB4,9.249153091,-18.96640528
IZB5,7.087631032,-18.81409363
IZB6,7.877971264,-20.60941741
IZB8,6.473468097,-20.75572565
IZB9,6.744370319,-20.98532541
IZC1,6.860806015,-20.65808511
IZC2,6.715190583,-19.66405457
IZC3,8.02955269,-20.71919207
IZC9,8.20239661,-19.54415115
IZD1,7.726914266,-20.3521453
IZD2,8.312892283,-19.79059131
IZD3,7.502606779,-20.14663294
IZD4,8.6,-21.6
IZF2,9.190074581,-20.43637329
IZF3,9.339888533,-20.26744303
IZF4,9.084342722,-20.06459486
IZF9,6.67195182,-20.16010469
IZG1,6.936390922,-20.83154762
IZG3,6.899841282,-20.03484088
IZG4,7.050043732,-20.03894305
IZG5,6.561719059,-20.49580571
IZH3,7.517937287,-20.02916489
IZH4,7.486433344,-19.30831834
JAA1,7.624378692,-18.38698507
JAA2,7.796430838,-19.12013249
JAA3,7.676607404,-18.65991565
JAA4,7.556543974,-18.65491708
JAB7,8.055121248,-19.87819396
JAB8,8.484050246,-19.70679048
JAC2,7.479647751,-19.73423163
JAC4,9.599839996,-19.79058374
JAC5,7.982588843,-19.82333445
JAC8,9.514397125,-18.54837858
JAD2,7.744200744,-19.5656049
JAD3,8.881718381,-19.68083164
JAD5,7.267166316,-15.85765213
JAD6,8.788344888,-17.30363576
JAG3,8.207572117,-20.33080878
JAG4,7.680851824,-19.32209579
JAH6,5.763368428,-20.22323574
JAI5,8.592126455,-19.66562782
JAI6,8.790802527,-20.03231922
JAI7,8.71242583,-19.71677215
JAI8,8.629127741,-20.08169647
JCA1,8.10198655,-20.13092278
JCB5,8.655953485,-19.60496005
JCB6,8.752108534,-19.92108103
JAE2,8.547509585,-16.12358186
JAE3,7.14363188,-18.12566522
JCC6,8.398258273,-19.86275917
JCC7,8.72804386,-20.08071261
JCC8,8.015862743,-20.44558448
JCC9,8.439135403,-19.17295695
JCD1,7.875774886,-19.95740699
JCD3,7.99571692,-19.30988601
JCD4,6.42864083,-19.76784241
JCD5,6.788902838,-19.63024757
JCD6,6.120503239,-20.88625533
JCD7,5.595230019,-21.17820585
JCD8,8.986285221,-19.94109695
JCD9,8.493583175,-20.20684142
JCE1,8.353939964,-19.75972772
JCE2,8.446305907,-20.94869312
JCE3,7.100859438,-19.99238809
JCE4,9.061166984,-19.94990266
JCE6,8.848146618,-19.82514713
JCE7,9.127371993,-19.80482407
JCE8,8.524321681,-19.52357372
KEG3,5.89381877,-15.02463743
88-05-b,5.911950851,-23.29328747
88-11-a,7.329448957,-20.09455588
90-92-b,7.056090348,-19.75193469
93-60-8,7.027263389,-21.07758688
JUA1,6.322308555,-15.70601477
JCE9,6.676724322,-12.92060626
JCF1,8.232148393,-24.09705677
JCF4,6.254960111,-18.35399367
LBA9,6.289505485,-21.58585652
LBB2,8.160858607,-20.39751402
LBB3,8.857898865,-20.74794984
LBB4,8.883644817,-19.80051698
LBB5,7.865969639,-20.8167579
LBB6,6.645890233,-21.71055403
LBB7,6.24348099,-21.67265053
LBC1,8.522698861,-20.00521543
LBC2,6.851575127,-13.76437869
LBC3,8.225578796,-19.79470324
LBC4,9.138087715,-19.95888907
LBD3,9.141597463,-19.48957707
LBD4,6.334564792,-21.63170542
LBD5,7.955701741,-20.74262944
LBD6,6.860654423,-21.03457603
LBD8,6.022432944,-16.79032751
LBD9,6.98700919,-20.36610371
LBE1,7.707909602,-19.57037748
LBE2,5.91860629,-14.06358659
LBE3,6.53340314,-15.39064964
LBE4,5.4438303,-12.62555594
LBE5,6.412589048,-15.58336975
LBE6,6.480074871,-16.52283701
LBE9,5.853371857,-14.22376735
93-03-a,6.189289282,-21.16505622
LBF1,6.096300665,-14.8722283
LBF2,6.063103044,-14.1940564
LBF4,8.469485368,-19.99204504
LBF5,7.925191937,-20.70721897
LBF6,8.880573223,-19.87776692
LBG2,9.263017735,-19.20830197
LDA7,6.192251485,-22.06757781
LDA8,6.495943838,-22.16680981
LDA9,5.757911604,-21.96583212
LDB2,6.724808818,-21.80110087
LDB3,6.014631483,-22.24657383
LDB4,6.372470019,-22.43493952
LDB5,5.889721955,-22.21519845
LDB6,6.431908447,-22.33622653
LDB7,5.587157074,-22.12909675
LDB8,5.886111309,-21.73198373
LHI3,9.168767147,-19.52836317
LHI4,6.613192618,-21.10109308
LHI5,5.801455959,-21.67851804
LHI6,6.172639369,-21.66487654
LHI7,6.769588628,-21.17960198
LIA1,6.191406722,-21.72650362
LIA2,7.034831948,-20.65000179
LIA3,6.618429315,-21.09638277
94-86-a,5.726064016,-22.08969451
94-86-b,5.554093484,-22.04075705
95-04-a,5.766819988,-21.99286061
95-07-a,6.463644696,-21.58469224
95-07-b,6.389091681,-21.3493646
95-07-c,5.759861653,-21.76795317
95-15,6.314538602,-21.62217765
95-22-a,5.504390954,-18.60424123
95-22-b,5.264824354,-18.64173561
95-27-a,6.501418199,-18.93127174
95-27-b,6.695255648,-18.68756192
95-27-c,6.102807502,-18.79796098
LIA4,6.638121578,-21.0528004
LIA5,8.56567092,-20.1413024
LJC1,9.375095921,-19.64962651
95-27-d,5.280729211,-17.85745468
GPC9,7.133636789,-21.11408023
GPD1,7.456336092,-21.03772877
GPD5,7.282583067,-19.74902755
GPD6,7.231518346,-19.27848876
GPD7,7.311632491,-18.65814889
GPD8,7.148428406,-20.43775728
GPD9,7.241960246,-20.55738578
GPE1,6.970579389,-20.75626043
GPE2,6.890152847,-21.12785107
GPE3,6.928697842,-20.91627126
GPE4,7.035244055,-21.12412355
GPE5,6.975189419,-20.64692007
GPE6,6.441765714,-20.96738969
GPE7,6.854087603,-20.90477276
GPE8,6.957776331,-21.30653121
GPF2,8.398204619,-19.39708368
GPF3,5.35963853,-13.89307322
GPF4,5.260814667,-14.12446484
GPF5,5.974478831,-19.72438296
GPF6,4.131681381,-15.84668505
LBG3,7.575388261,-22.52590836
LBG4,7.165127823,-21.69728777
LBG5,7.183509105,-22.18506861
LBG6,7.426771308,-23.59682179
LBG7,7.522684471,-20.31135943
LBG8,7.450482125,-23.54366831
LBH1,7.702109975,-23.16164759
LBH2,7.284562087,-24.13338848
LBH3,7.131351694,-23.55585183
LBI5,7.320146384,-21.36578566
LBI6,7.27223454,-21.50959892
LBI7,6.979336354,-22.04699238
LBI8,7.232829924,-21.51334806
LBI9,7.114412471,-22.16738013
LDA1,6.8975949,-22.29341083
LDA2,7.271211245,-21.45854408
LDA3,6.937259359,-21.9405708
LDA4,5.294276996,-11.44530086
LDA5,4.945514466,-12.05881572
LDA6,4.946223315,-11.3225206
LJA7,7.533546029,-22.42869937
LJA8,7.632712281,-22.55582303
LJA9,7.538562323,-22.58886551
LJB1,5.754732974,-12.14595025
LJB2,5.145088279,-11.57719228
LJB3,5.521486214,-12.21523385
IMF9,6.975539064,-18.31158883
IMG1,7.91408474,-19.72489462
IMG2,8.427042284,-20.14565561
IMG3,9.047666077,-19.88048989
IMG4,8.943253086,-19.88858807
IMG5,8.762210224,-20.05582569
IMG6,4.943588523,-13.61729761
IMG7,7.542627396,-18.20813283
IMG8,7.021977725,-16.12558241
IMG9,7.402954073,-14.63921691
IMH1,7.303299393,-13.61449917
IMH2,7.234609885,-12.52991872
IMH6,7.720684351,-18.63015955
IMH7,8.896898196,-18.76913609
IMH8,8.797952566,-19.30208768
IMH9,8.91556594,-19.60573509
IMI1,8.569926846,-19.18001692
IMI2,7.462448553,-21.1245806
IMI3,7.421652515,-19.96598075
IMI4,9.2531064,-16.19588926
IMI5,6.762211187,-18.85853164
IMI6,8.074431338,-20.25867968
IMI7,7.440285779,-19.18298771
IMI9,7.272670754,-19.36592219
JBC4,9.654442841,-20.58311045
JBC5,8.991275225,-18.81124288
JBC6,7.981485878,-23.9345887
JBC7,4.754416932,-14.37617999
JBC8,4.580231645,-11.8802811
JBC9,4.94275947,-14.66766617
JBD2,7.29098562,-15.8843794
JBD3,8.297147257,-15.092798
JBD4,4.535061455,-12.19880526
JBD7,9.002075575,-16.46842151
JBD8,5.981634144,-15.19709383
JBD9,6.041798297,-19.65448494
JBE1,5.820199556,-16.10284181
JBE2,6.512697343,-14.0848196
JBE3,6.961891147,-18.8871675
JBE5,7.150862908,-19.77765404
JEA2,7.276624042,-19.10926566
JEA3,6.710922299,-18.89301594
JEA4,6.878093981,-20.3550226
JEA5,5.812114486,-18.96096015
JEA6,6.69660823,-19.82317192
JEA7,6.647746682,-20.27217663
JEC6,6.706606956,-21.58605687
JEC7,6.934782278,-21.90078153
JEC8,7.062172935,-21.52692968
JEC9,7.110878448,-21.69877887
JED1,6.790819183,-21.97554763
JED3,7.904491208,-20.9865595
JED4,8.304917484,-22.22381852
JED5,7.551160346,-20.37990013
LDC6,4.674159127,-12.69875178
LDC7,4.541489181,-13.56246576
LDC8,4.51283587,-12.80171617
LDC9,4.19947218,-12.91725327
LDD1,7.665807093,-20.90813214
LDD2,7.256199913,-20.55861292
LDD3,7.220723579,-20.59447105
LDD4,7.163734936,-20.64979842
LDD5,7.341756651,-20.6659937
LDD6,7.212066494,-20.69299932
LDD7,6.099827695,-20.50608597
LDD8,5.857533486,-19.85273147
LDD9,6.466619469,-16.29496259
LDE1,6.756251093,-17.08704946
LDE2,6.448641755,-14.65985713
LDE3,4.089107923,-15.29073196
LDE4,4.392177331,-14.40251392
LDE5,3.844203023,-14.50142519
LDE6,3.483888393,-14.92372061
LDE7,3.216553667,-15.2235141
LHD2,4.740242878,-13.37674582
LHD3,4.333678405,-13.12498984
LHD4,4.512611965,-12.58854581
LHD5,4.430260931,-13.68856066
LHD6,5.253892895,-12.39143785
LHD7,4.260514828,-14.52898233
LHD8,4.299252761,-13.83976709
KHG2,10.50454867,-19.28321747
GPG2,7.37680801,-19.72179303
GPG3,7.072463663,-19.42569762
GPG4,7.028361925,-19.47949574
GPG5,7.10779981,-19.63590379
GPG6,6.96981003,-20.06266969
GPG7,7.287292436,-19.9846277
GPG8,7.140082682,-20.11052126
GPG9,7.247857891,-17.72589034
GPH1,7.093202943,-19.62393419
GPH2,6.95108157,-19.65693751
GPH3,7.32715376,-19.74812213
GPH4,5.411806923,-14.77392416
IUH3,5.862600879,-14.02308425
IUH4,6.546195186,-18.30637232
LDC3,4.918058461,-11.62492683
LDC4,5.223147872,-11.46099994
LDC5,5.06280488,-11.11698657
LCH8,4.501668402,-14.33196849
KEE8,8.398869331,-20.95136664
IMA3,8.291584916,-20.25826538
IMA4,6.966148588,-21.95248683
IMA5,9.809966324,-19.16820135
IMA6,9.284568205,-19.79700431
IMA7,9.589757632,-19.63611928
IMA9,7.064314205,-16.69157471
IMB1,6.520939544,-13.95258809
IMB2,7.596099578,-19.1652719
IMB6,6.831910841,-17.40722569
IMB7,6.605706418,-15.76408268
IMB8,6.932727337,-17.56384482
IMB9,6.68397632,-17.38657882
IMC1,8.565499354,-15.0614408
IMC2,9.951713834,-19.43010922
IMC6,7.194973577,-13.13050549
JBB8,7.635437221,-20.6721649
IMD3,6.799068893,-19.29108005
IMD4,6.345202986,-19.05031623
IMD5,6.912048012,-19.81630056
IMD6,7.45653723,-19.00141842
IMD7,8.601982933,-16.57242165
IMD8,7.451109186,-16.98454442
IMD9,7.179417105,-14.16911688
IME3,5.843994051,-18.99826859
IME4,5.499502134,-17.63996894
IME6,9.481617616,-18.94816184
IME9,7.162288702,-17.01254566
IMF2,6.069093043,-13.0604865
IMF3,5.563477995,-18.31719328
IMF4,6.490512216,-19.91717513
IMF5,5.472297455,-14.93059251
IMF6,7.55845864,-20.53659005
IME7,7.632664221,-20.70060791
IME8,7.610949472,-20.97327207
IMF1,4.982298311,-16.04611937
IWI4,6.464484629,-19.37351587
IWI5,6.697731905,-19.40659076
IWI6,6.150185979,-13.74912132
IWI7,6.63110236,-21.44404046
IWI8,6.774503328,-21.03788719
JBA8,7.68216063,-11.92744975
JBA9,9.060073714,-18.1256291
JBB1,6.407799167,-21.41883651
JBB2,6.810469127,-20.73706597
JBB3,6.612994813,-19.98450639
JEE2,8.424870773,-19.13267255
JEG5,6.491165779,-21.61626584
JEG6,6.403600153,-21.08202072
JEG7,6.183502771,-21.78638807
JEH2,6.334390823,-18.88597729
JEH4,4.893576535,-11.93826857
JEH5,5.719054231,-10.86661351
JEH6,8.361499436,-19.90994025
JEH7,6.389405061,-20.30165237
JEH8,7.358713727,-13.50624037
JEH9,7.037091903,-16.23520665
JEI1,7.017810787,-16.73504925
JEI2,7.573296951,-15.34925515
JEI3,7.709717563,-16.5007528
JEF1,7.754778211,-20.739688
IOA8,6.249081662,-23.01843974
IOA9,6.566208078,-22.65459499
IOB1,6.549574822,-18.75955015
IOB2,6.697731905,-19.0903092
IOB3,6.052047698,-19.96161789
IOB7,6.836643925,-18.94017745
IOB8,6.680853685,-16.60730316
IOB9,5.856567281,-20.2517684
IOC1,8.175301251,-20.05641293
IOC2,5.419644742,-16.53740859
IOC3,6.086527903,-20.08068222
IOC4,6.129886724,-19.97477035
IOC5,6.619825797,-20.32536169
IOC6,8.164202988,-20.6156023
IOC7,7.50271296,-20.37177425
IOC8,7.539220646,-20.7743664
IOC9,7.535231949,-20.90016954
IOD2,6.366249851,-18.21277914
IOD3,7.248052642,-20.63955621
IOA3,7.190450847,-21.79153618
IOA4,7.037830373,-21.93035949
IOA5,7.178925161,-21.95076082
IOA6,7.12972467,-22.04915179
JEI9,7.029916527,-19.53255841
KEA1,4.001726894,-13.97791223
KEA2,4.903037136,-14.28959451
KEA3,4.477290819,-14.33194413
KEA5,4.283848902,-14.11550147
KEA6,4.216853895,-14.02350227
KEA7,4.367905133,-14.50855937
KEA9,4.188402245,-14.50286772
KEB1,4.349535893,-13.59180282
KEB2,4.30249591,-12.97498976
KEB3,4.970124843,-14.1145583
KFH7,6.052459275,-16.72899577
KFH8,6.286904834,-16.63670135
KFH9,6.384138335,-16.5142937
KFI2,6.119170922,-17.11561479
KFI3,6.088649492,-16.88430519
KFI4,5.901155317,-16.64486797
KFI5,6.165594418,-16.52782213
KFI6,5.989974073,-16.72904649
KFI7,6.309972897,-16.56197537
KFI8,5.794486483,-16.66641458
KFI9,6.896943198,-20.69748833
KHA6,4.616422918,-14.74976719
KHI3,6.217222635,-22.30036291
KHI4,7.075037181,-20.98156056
KHI5,5.851478875,-19.36879942
KHI6,6.32651076,-20.41189981
KHI7,4.589794596,-14.73514202
LEI1,4.231298651,-14.49800681
LEI2,4.659061481,-14.8542473
LEI3,4.44567665,-14.29098231
LEI5,6.027463392,-21.34302523
IZG6,7.731675317,-19.02130475
IZG7,7.787517086,-19.29541241
IZG8,7.505316715,-19.42837507
IZG9,7.983960454,-18.74003756
IZH1,7.185223714,-17.41245645
IZH2,8.127657577,-18.87257404
IZH5,8.108008512,-18.56095718
IZH6,7.670669587,-19.20765195
LCA3,5.967981519,-21.81000736
LCA4,5.642484941,-21.83038797
LCA5,5.831705892,-21.96693805
LCA6,5.019476429,-22.45709172
LCA7,5.997589237,-21.99954703
LCA8,5.339980972,-22.07196808
LCA9,4.870189495,-22.36458216
LCB1,4.788503315,-22.04305409
LCB2,4.894899521,-22.07571492
LCB3,4.834027112,-22.74540854
LCB6,5.894449145,-22.4397682
LCB7,6.440474286,-22.31035133
LCB8,5.720194361,-22.19723894
LCB9,6.153941279,-21.60964583
LCC1,6.076323715,-22.4030831
LCC2,5.798125973,-22.56714701
LCC3,5.488989689,-21.19649889
LCC4,5.691872738,-22.43117419
LCC5,5.511628304,-22.37727172
LCC6,6.275889666,-21.23820021
LCC7,6.45097938,-21.72570749
LCC9,6.157446896,-20.67917689
LCD1,4.185786302,-16.71689791
LCD2,4.156452576,-17.40114671
LCD3,4.929966644,-17.19490695
LCD4,4.858040901,-17.2265491
LCD5,4.709302931,-18.50968855
LEE8,6.194060567,-20.26016726
LEE9,5.882499505,-20.81071017
LEF1,5.955060038,-20.64186746
LFF7,7.309312813,-19.05544916
LFF8,7.526899724,-20.39709516
LFF9,7.533833665,-18.98173747
LFG1,7.739239768,-19.45042766
LFG2,7.921641142,-18.83729411
LFG3,8.060132622,-19.41004896
LFG4,7.495434718,-19.06493782
LFG5,7.682552532,-19.29082151
LFG6,7.664720894,-19.67259219
LFG7,7.512693686,-19.04378869
LFG8,6.403528445,-20.26617618
LFG9,6.556769142,-18.51955793
LFH1,6.333345659,-20.03086565
LFH2,6.383398696,-19.87479935
LFH3,6.451476512,-20.18771083
LFH4,6.402828003,-19.47337046
LFH5,6.312202531,-19.71793778
KYA3,6.872083704,-21.1527327
KYA4,7.417109393,-19.40815251
KYA5,7.059420559,-19.30558909
KYA6,7.508773821,-19.40329504
KYA7,6.770990624,-20.55376065
KYA8,6.875731289,-19.18396581
KYA9,6.473735935,-21.23587438
KYB1,6.998754135,-19.10789472
INE1,7.112691488,-16.97417804
INE2,6.748994409,-16.25304235
INE3,7.154656626,-16.17576696
INE4,6.524312582,-16.50215515
INE5,6.731536887,-20.46533705
INE6,6.976027104,-15.65109492
INE7,8.963140196,-17.14389486
INF4,4.998536374,-11.47617388
INF5,4.889493675,-11.41049312
INF6,5.068302847,-13.0776783
INF7,5.112076919,-10.93670559
INF8,5.214438597,-10.9718884
INF9,4.842752461,-11.33966303
ING1,4.878799729,-12.34531051
ING2,4.74503023,-12.68035945
ING3,4.642290346,-11.34883192
ING4,9.043815917,-15.20985727
ING5,8.443304482,-15.6276354
ING6,6.476826646,-12.16876053
ING7,6.412551541,-12.51815259
ING8,4.700822377,-12.22500665
ING9,3.76066312,-12.19239767
INH1,7.294405563,-21.36356236
INH2,6.737093114,-21.72194531
INH3,6.803185734,-21.75597507
INH4,6.663773305,-21.44889348
INH5,6.840285291,-21.57969772
INH6,7.085464507,-21.6760629
INI2,6.94294903,-14.97375947
INI3,6.962637496,-16.44402085
INI4,6.984600203,-16.68839724
INI5,6.98195086,-17.12773355
INI6,6.908408604,-16.55879475
INI8,9.489057939,-18.86925235
JBF8,3.545724393,-14.09431487
JBF9,4.39090728,-15.43629123
JBG1,6.44815657,-20.56662922
KEI5,5.053272307,-14.8213014
KEI6,4.498102467,-14.63047334
KEI7,4.213267674,-15.10490975
KEI8,4.091746874,-17.26694761
KEI9,9.217513821,-15.61229572
LEA1,9.482866914,-16.38570388
LEA2,8.931104292,-14.49418117
LEA5,6.509156281,-15.7470675
LEA6,6.559991392,-16.79338079
LEA7,6.714910834,-16.05836121
LEA8,6.208833444,-16.26305789
LEA9,6.298906672,-16.81801989
LEB1,6.356775678,-16.15891914
LEB2,6.196661595,-18.42262664
LEB3,5.995543148,-16.28176315
LEC6,8.482704636,-18.51197799
GPC8,8.930371731,-18.40646215
JEF4,7.356451176,-20.35965226
JEF5,7.171359609,-19.97160022
JEF6,7.113644543,-19.46187572
JEF8,6.798980624,-19.47958893
JEF9,6.854761656,-19.56391331
JEG2,6.678600952,-19.36666686
JEG4,7.298680365,-19.93004247
IVG3,6.343985784,-22.82810764
IVG5,6.063190011,-22.74721057
IVG6,6.047183586,-22.91524765
IVG8,7.486569131,-17.81788084
IVG9,7.878663257,-16.72494104
IVH3,7.377678384,-20.04920846
IVF9,5.888417762,-23.49758737
IVG1,5.710906164,-23.51798869
IVG2,6.485231144,-22.82785808
IVG4,5.940872846,-23.08386616
IVG7,6.267023537,-22.62190656
IVF8,6.193658709,-23.30022683
IVI8,5.470619477,-23.50823625
IVI9,5.397363739,-23.84987993
IWA1,5.618896866,-23.5905403
IWA2,5.427569515,-23.69130459
IWA3,5.687943067,-23.23403017
IWA4,5.676825467,-23.52374139
IWA8,7.358500634,-20.7023861
IWA9,7.445127905,-20.25577659
IWB1,7.293348252,-20.96417992
IWB2,6.527455517,-21.37464497
IWC4,6.864894394,-18.3325886
IWC5,6.870780856,-19.76102501
IWC9,4.260704319,-15.39754408
IWD1,4.620430499,-15.31197326
IWD2,4.498031548,-16.84250528
IWD3,5.145909619,-15.95467016
IWD4,4.655765506,-16.98868344
IVH5,7.135187573,-19.31706198
IVH6,6.948070616,-20.5052938
IVH8,6.495891275,-19.44166624
IVH9,7.065992318,-21.13193293
IVI1,7.390104003,-20.12290248
KCC9,6.803604603,-18.23831997
IVI2,6.729262351,-18.93542307
IVI3,6.818862778,-20.93410962
IVI4,6.309430514,-20.00009277
IVI5,6.356716554,-20.98790774
IWB3,9.313210839,-20.88402043
IWB6,3.726726059,-17.04429494
IWB7,4.462220886,-17.12290368
IWB8,4.205766542,-18.63595261
IWB9,3.736277179,-19.1497299
IWC1,4.121035552,-19.91392328
IWC2,4.04473835,-16.86164937
IWC7,5.844079372,-19.5115574
ILA1,6.48550691,-18.32231693
ILA2,6.873988444,-21.5939729
ILA3,6.951270825,-21.59295387
ILA4,7.011887147,-21.40545226
ILA5,6.674371545,-21.15782785
ILA6,6.950544778,-21.49308888
ILA9,7.049425737,-21.86778777
ILB1,6.934437581,-21.40527295
ILB2,6.945061707,-17.98425358
ILB3,6.009555902,-17.85435733
JDE8,7.378340187,-20.35531602
JDE9,6.946003121,-19.07403649
JDF1,8.536235651,-20.09898622
JDF2,7.710734005,-19.49284956
JDF7,6.735647458,-19.52052807
JDF8,6.954282621,-19.6350674
JDF9,7.151133527,-19.83611244
JDG1,7.256013192,-19.43400639
JDG2,6.650746168,-19.7755539
JDG6,6.762967253,-19.9404702
JDG7,7.028517661,-19.8143494
JDG8,6.799166972,-19.7494926
JDG9,6.727433569,-18.62808936
JDH1,7.232872514,-19.66639047
JDH4,7.070713355,-19.04746281
JDH5,7.104163085,-18.66238831
JDH6,7.222288476,-18.36986536
JDH7,6.055163459,-17.38861201
JDH8,6.074897539,-17.30439605
JDI6,7.935173658,-20.30100949
JDI7,7.951272214,-20.3266719
JDI8,7.64452806,-20.53918972
JDI9,7.502637134,-20.76951234
KEF4,6.987348727,-16.60496392
KEF5,7.327037302,-17.60949355
KEF6,7.405478885,-18.19778281
KEF7,5.985011257,-14.11239919
KEF8,5.785651821,-15.13654704
KEF9,6.413299476,-15.55772614
KEG1,5.963935726,-15.12764827
KEG2,6.662428661,-16.50830063
KEG4,6.288257719,-13.97534754
KEG5,4.544602056,-16.22157097
KEG6,5.272191067,-13.28027123
KEG7,4.498771447,-14.13651166
KEG8,4.363483537,-14.30407994
KEG9,3.808077518,-15.05208669
KEH2,6.311524954,-15.72745242
JUA2,8.814265788,-15.91185893
JUA5,6.117070774,-14.25491537
JUA6,6.119985072,-15.73796455
JUA9,7.04988365,-16.32354724
JUB1,8.813479977,-16.02901765
JUB2,7.363531644,-17.30451035
JUB3,7.562020595,-15.13271577
JUB4,6.372070587,-16.51653935
JUB5,6.555479767,-18.26887643
JUC1,5.870974801,-13.34814174
JUC2,6.293724629,-14.21967766
JUC3,5.746522467,-13.67886667
JUC4,5.552764787,-12.85818738
JUC5,5.856197643,-13.3008968
JUC6,6.343812466,-14.85162356
JUC7,5.868347154,-13.38118368
JUC8,6.775942793,-13.81199075
JUC9,5.670451904,-14.98149468
JUD1,5.615354016,-14.66956189
JUD7,6.665695822,-20.74368271
JUD8,7.104452583,-21.22132553
JUE5,6.579938818,-21.28780686
JUE6,6.533071619,-20.57185403
JUE7,6.651735379,-20.52582849
JUF5,6.867727181,-21.2674798
JUF6,7.279489603,-21.62659316
JUF7,6.828360168,-21.20352593
JUF8,6.671756607,-20.8579629
ILC2,6.478632684,-21.50429821
ILC3,6.71782621,-21.12419984
ILC4,6.059836895,-21.52264076
ILC5,6.044170286,-21.49206985
ILC6,5.93155688,-22.09839299
ILC7,6.777031371,-21.89624215
ILC8,6.769822182,-21.47745355
ILC9,6.3484616,-21.78062586
ILD1,6.47897029,-21.57029015
ILD2,5.761215795,-22.09614364
ILD4,6.535740514,-19.8484149
ILD5,6.752585981,-19.69223739
ILD6,5.88708553,-18.74764326
ILD7,6.831896909,-19.32159495
ILE4,7.723795702,-14.65411294
ILE7,6.703818424,-18.78439293
ILE8,6.144974809,-20.44764848
ILE9,6.215378805,-19.32397295
ILF1,6.790574794,-19.18380209
ILF2,6.449777424,-20.14656146
ILF3,6.404471032,-18.34908854
ILF4,6.415333169,-19.38201571
ILF5,6.600258576,-18.99765469
ILF6,6.527277033,-19.2313037
ILI7,6.26149297,-17.11949406
ILI8,6.228416635,-18.84545572
INA2,6.686413227,-18.74056474
INA4,6.887068551,-19.7751008
INA5,6.49517899,-20.05227683
JBG6,6.493069389,-18.41357876
JBG7,6.868188321,-19.43362828
JBG8,6.72559137,-18.26887643
JBH1,6.420083823,-18.31982796
JBH2,6.380430378,-18.43090228
JBH3,6.251288825,-18.23061249
ILH2,9.053827102,-19.80136264
ILH3,7.432497521,-18.27279778
ILH4,6.944244286,-20.18627992
ILH5,6.677904691,-20.5572734
ILH6,6.827349887,-21.04151649
ILH7,6.713461161,-21.70188208
ILH8,7.014191907,-20.62001548
ILH9,6.586055352,-20.85304255
ILI1,6.905529722,-20.68089814
ILI3,6.888426911,-20.33623498
ILI5,6.714605154,-20.6605646
ILI6,7.426111235,-20.21024321
IOB5,5.778177078,-18.50888944
IOB6,6.118031846,-17.84719083
LDH9,6.2912506,-17.08817649
LDI1,6.414436134,-14.11485834
LDI2,6.84807689,-16.08871396
LDI3,6.183263892,-19.31477661
LDI4,6.64767883,-21.09331392
LDI5,5.257074294,-15.34745443
LDI6,4.611563944,-10.46492984
LDI7,4.781515691,-10.25450228
LDI8,4.663913678,-10.9605576
LDI9,4.329882666,-9.702727151
LFA1,4.378317531,-12.37079318
LFA2,4.264657371,-14.95489147
LFA3,4.844763699,-11.85679017
LFA4,3.954872055,-9.500481881
LFA5,5.025136492,-12.56177168
LFA6,3.427039057,-11.63431824
LFA7,3.533362697,-11.59902392
LFA8,3.234108763,-11.86473606
LFA9,4.232258968,-10.86246295
LFC9,6.589358695,-19.54266454
LFD2,6.846103089,-18.65387163
LFD3,6.790203585,-17.16842238
LFD4,6.909539196,-18.47199721
LFD5,6.77308708,-17.63442702
LFD6,6.113351748,-17.86522952
LFD7,6.78083147,-18.81610127
LFD8,6.7551261,-17.72665986
LFE4,6.356811108,-19.22880315
LFE5,7.309613014,-19.32459201
LFE6,6.784226134,-20.00122825
LFE7,7.727758422,-18.99686734
LFE8,6.42864083,-20.01676885
LFE9,6.622170247,-19.54411856
LFF2,7.357576967,-19.43803183
LFF3,7.13229128,-19.90228444
LFF5,5.144775434,-17.10921975
LFF6,6.655687322,-21.47466089
LHG8,6.218036554,-21.86505634
LHG9,6.291573177,-22.15943277
LHH1,6.32031168,-22.14589609
LHH2,6.251137068,-21.97833226
LHH3,6.304212923,-22.08482772
LHH4,6.159713157,-22.12336017
LHH5,6.552142263,-21.9637848
LHH6,6.239802429,-22.06899998
LHH7,6.260014131,-22.19953959
LHH8,6.152905689,-21.87112707
LHF3,5.687269155,-16.1603566
LHF4,7.480723438,-20.49590717
LHF5,7.065737759,-20.40884045
LHF6,7.619758512,-20.13268319
LHF7,8.234726675,-20.39553191
LHF8,7.809304078,-19.96556219
LHF9,7.22594901,-19.92480097
LHG1,7.349206162,-20.27534745
LHG2,7.260830907,-20.2324067
LHG3,7.404312504,-20.3861188
GPB2,7.9,-20.8
GPB3,7.8,-20.1
IPI5,6.884324414,-16.96742283
JBH6,5.765385259,-15.05291123
JBH7,6.026799794,-14.92749306
JBH9,6.057510579,-14.68121643
JBI1,5.716933897,-15.02148436
JBI2,6.764416093,-17.33165606
JBI3,6.66070995,-20.48184853
JBI4,7.31186487,-18.79526821
JBI5,7.37668121,-19.97454481
JBI6,6.727520638,-19.87328862
JBI7,8.052205877,-19.63547684
JBI8,7.730316536,-19.59268866
JED6,7.5105376,-19.68095045
JED7,7.470693428,-19.21037161
JED8,7.281583666,-19.48586201
JED9,7.33774796,-20.00304317
JEE1,7.828612201,-20.83918048
JEE3,6.627657602,-17.80754386
JEE4,6.854898596,-18.81846714
JEE5,6.385400818,-20.49802137
JEE6,8.34748452,-17.66075796
JVH5,8.371126422,-18.41027283
JVH6,7.835035598,-18.32123789
JVH7,7.972053266,-18.35883812
JVH9,7.381742845,-18.32982458
JVI1,8.232855298,-19.07905454
JVI3,7.558300085,-18.39694744
JVI4,7.761224635,-18.56866161
JVI6,7.731124388,-18.44761869
JVI7,8.763137167,-19.32581263
JVI8,7.43389867,-18.78291489
JBB6,8.627622033,-20.37404983
JBB9,6.884048682,-13.839596
JBC1,4.505143841,-8.745220298
JBC2,5.203843569,-8.985095301
JBC3,4.724918082,-8.267855006
JEA8,7.482417069,-19.87692445
JEA9,7.745965922,-20.57172305
JEB1,8.14649801,-20.81383851
JEB6,6.622987877,-21.60506444
JEB7,6.594548897,-21.66983021
JEB8,6.730997735,-21.74163685
JEB9,6.695240874,-21.56966333
JEC1,6.753280067,-21.35056317
JEC2,6.663086717,-21.53749656
JEC3,6.790610424,-21.45088185
JEC4,6.9291315,-21.53698313
JEC5,6.847045095,-21.17617193
GPA5,6.242058096,-15.35863746
GPA7,6.261458035,-18.42607267
GPA8,6.316297716,-16.3378049
GPA9,5.7329228,-12.87112301
GPB1,5.8,-14.3
GPB4,7.140002062,-17.71147937
GPB5,6.917921821,-17.80667893
GPB6,5.103043849,-16.56291962
GPB7,7.530615922,-18.88978739
GPB8,8.087207591,-20.11871683
GPB9,6.937986743,-18.16623297
GPC1,7.702201379,-19.60480291
GPC2,7.748949777,-19.25271684
GPC3,7.100850271,-18.44517175
LBF9,7.561965563,-17.5597063
LBG1,8.181093869,-17.74313824
LIA6,9.384929064,-19.22830582
LIA7,9.917047411,-18.67753644
LIA8,9.606051678,-19.0453658
LIA9,9.023873723,-19.45378736
LIB1,8.839643743,-19.78185348
LIB2,9.130890454,-19.48046553
LIB3,4.629632888,-15.70546854
LIB4,5.435181079,-21.76013482
LIB5,4.697048959,-16.71773022
LIC8,6.820888613,-20.00323326
LIC9,6.190315362,-17.18853072
LID1,6.73103604,-16.88025442
LJA1,6.576517203,-17.37174773
LFB1,4.630136277,-10.52393399
LFB2,4.764947805,-11.46692917
LFB3,4.498349724,-11.56490291
LFB4,4.846793273,-11.74783806
LFB5,4.484898481,-11.0856248
LFB6,4.927804755,-10.85261044
LFB7,6.987479723,-13.01866527
LFB8,7.166250384,-12.98969127
LFB9,7.344644484,-16.85090146
LFC1,7.155402739,-14.90077859
LFC2,5.881553484,-8.615219994
LFC3,6.728325598,-13.74726169
LFC4,7.197861234,-12.19533927
LFC5,6.567177815,-10.99144816
LFC6,7.04230705,-14.48087534
LFC7,6.817353454,-16.12942419
LFC8,7.421098101,-15.34668936
LCH5,8.465941888,-20.21734964
LCH6,8.513191057,-20.09235952
LCH7,8.646088343,-19.74071868
LGC7,5.738471877,-19.86867206
LGC8,5.560462123,-20.93000254
LGC9,7.787764902,-18.4613968
LGD1,7.511108999,-19.15926766
LGD2,3.590749285,-14.36541609
LGD3,3.900910945,-13.61926619
LGD4,3.667198726,-13.90172836
LGD5,7.281552921,-20.73545676
LGD7,5.189046931,-18.07351165
LGD8,5.267452664,-17.87811514
LGD9,5.233708435,-17.47470413
KHB2,6.257341471,-18.3398769
KHB3,6.235364286,-19.09756248
KHB4,5.747358711,-20.04528679
KHB5,6.699888552,-19.42597249
KHB6,6.030282689,-19.10639759
KHB7,6.156564083,-19.34405626
KHB8,6.01403624,-19.96375837
KHB9,5.476687221,-20.18951278
KHC1,5.869981776,-18.55170854
KHC2,7.165555292,-18.75453192
KHC3,6.159666626,-17.23636511
KHC8,7.072747738,-18.62719406
KHC9,7.006317848,-18.42374207
KHD1,7.14301853,-18.51744948
KHD2,6.910181367,-19.08667404
KHD3,7.038418601,-20.18594767
KHD4,6.856016456,-18.15272219
KHD5,7.214484911,-20.3418946
KHD6,6.970238834,-18.82712
KHD7,6.76298839,-18.87248326
KHD8,6.272648019,-20.61623598
KHD9,4.580360014,-13.57480968
KHE1,4.547310386,-16.03731218
KHE2,4.31901179,-13.65850598
KHE3,4.594549859,-13.46599546
KHE4,4.576480568,-11.93236104
KHE5,4.65913439,-13.4641602
JBF2,6.778845697,-22.85886153
JBF3,6.702643499,-22.95324305
JBF4,6.745551021,-22.90945547
JBF5,6.978478764,-22.85550273
JBF6,6.616434218,-18.3436453
IRD9,6.609964381,-15.86614211
IRE1,5.847983107,-16.45471434
IRE2,6.507630334,-15.88901147
IRE3,5.994901698,-16.47293435
IRE5,6.181189957,-17.33717166
IRE6,6.131756,-16.46317525
IRE7,5.368492824,-16.54216469
IRE8,6.007441209,-17.23742985
IRE9,6.176986418,-17.67613645
IRF1,6.227180124,-18.48582579
IRF2,5.796022316,-17.30440506
IRF3,5.33428685,-20.39690869
IRF4,5.398039971,-20.11916084
IRF5,5.580550523,-18.22410815
LJB4,5.868215372,-13.82537439
LJB5,5.902964834,-16.30403435
LJB6,6.198582169,-16.39404629
LJB7,5.664769522,-17.52596932
LJB8,6.009709185,-16.88345285
LJB9,6.245637248,-16.42797563
IRD2,6.039015397,-21.28251865
IRD3,6.135566182,-20.27715008
IRD4,6.652317452,-17.98402945
IRD5,8.434683309,-18.3564914
IRD6,7.726689444,-19.83442261
IWF3,5.909608474,-20.90802428
IWG6,6.868243387,-18.40072437
IWG7,7.993509189,-19.52854545
LCD6,7.224532232,-21.03287453
LCD7,7.517378692,-20.90485963
LCD8,7.237720243,-20.78660653
LCD9,7.160745518,-20.88652184
LCE1,7.24690069,-19.47620014
LCE2,7.272761222,-20.41075798
LCE3,7.574444245,-20.59719221
LCE4,7.076313229,-20.9690419
LCE5,7.188954436,-20.19408436
LCE6,7.032822858,-21.34660227
LCE7,4.538427796,-18.31455338
LCE8,4.424212962,-16.43811584
LCE9,5.169500703,-16.71343137
LCF1,4.520794299,-14.19623713
LCF2,4.59561736,-15.33279899
LCF3,4.70640856,-15.31725543
LCF4,4.519628413,-14.01563754
LCF5,4.839891064,-15.7449059
LCF6,4.447252436,-12.75237645
LCF7,4.171142212,-14.06011754
LCF8,4.391977657,-13.13993351
LCF9,4.277296745,-12.62278175
LCG1,4.299981146,-15.02688504
LCG2,4.259716056,-12.63880939
LCG3,4.151995263,-13.35842035
LCG4,4.224138577,-13.26543411
LCG5,4.303199603,-13.19146711
LCG6,4.591771106,-12.91038717
LEF2,6.815838803,-21.28243026
LEF3,4.680713985,-14.20370722
LEF4,4.51465018,-15.98073896
LEF5,4.578923786,-13.73775233
LEF6,4.371517676,-15.27249112
LEF7,4.672807959,-14.71401199
LFH6,3.79312207,-10.34537423
LFH7,4.152702425,-9.238265486
LFH8,6.852896472,-18.97040988
LFH9,4.738749864,-14.55341782
LFI1,4.491582709,-13.68377389
LFI2,3.743237553,-9.87657352
LFI3,3.64860997,-10.2234693
LFI4,6.000023815,-12.49586982
LFI5,5.896438794,-12.6648658
LFI6,4.67721525,-11.85678039
LFI7,6.454360149,-15.02599555
LFI8,5.191161745,-12.55996352
LFI9,5.924540504,-13.47408555
LGA1,5.729141469,-14.17485254
LGA2,5.606724973,-13.60260112
LGA3,6.558033166,-13.57836356
LGA4,6.631936638,-13.57192269
LGA5,4.448079534,-13.87062476
LGA6,4.140136076,-14.27555306
LGA7,4.551252622,-13.89518641
LGA8,4.626360026,-11.4942914
IYH6,5.894993436,-15.03963229
LGA9,4.821045707,-14.6062481
LGB1,4.020145193,-10.36759459
LGB2,4.897488763,-13.4240107
LGB3,4.64612511,-12.78675158
LGB4,2.968696236,-14.50446407
LGB5,4.545378206,-8.772442633
LGB6,4.906963893,-9.480037498
LGB7,3.88549551,-10.56000124
LGB8,4.828951705,-9.274603217
LGB9,3.993406567,-10.18651776
LGC1,4.45726424,-10.26136084
LGC2,4.604618422,-8.645595292
LGC3,4.669843199,-8.92574693
LGC4,4.40004916,-9.254517907
LGC5,4.382260482,-8.504987706
KHE7,6.981032416,-21.6317441
KHE8,6.612310293,-22.15453341
KHE9,6.871247067,-21.77132232
KHF1,7.064120587,-21.97277439
KHF2,6.751789231,-22.05751406
KHF3,6.515926187,-20.90875533
KHF6,4.518640156,-14.62632186
KHF7,4.46428599,-14.96123032
KHF8,4.433649976,-14.57560911
KHF9,4.499194377,-14.89085981
KHG1,4.523396992,-14.82760292
KHI1,6.973439235,-20.91063457
KHI2,7.404434107,-20.91864054
KYA1,8.049787805,-20.74613954
KYA2,7.572374598,-17.42104307
KYB2,5.83425354,-21.01686269
KYB3,5.992787365,-19.94713921
KYB4,7.432365202,-20.55954883
KYB5,7.377564246,-21.1036646
KYB6,7.128957728,-20.48318358
LEI6,7.051521026,-19.25032421
LEI7,7.539259782,-20.96090827
LEI8,7.375006012,-20.77940243
LEI9,5.499328484,-21.09434655
IOB4,6.159161135,-19.14715768
IVB1,6.25444736,-19.92257636
IVB2,6.016619258,-20.29725033
IVB6,6.426149093,-19.87975476
IVB7,6.447599409,-19.1742289
IVB8,6.935323081,-18.77336597
IVB9,7.147526313,-18.93503753
IVC1,7.332471233,-18.79526011
IVC2,6.267441394,-19.48334274
IVC4,6.852300808,-18.6126468
IVC7,6.68518598,-19.38105683
IVC8,7.960028267,-20.14023675
IVC9,6.580935993,-21.06790706
IVD1,7.297904428,-20.01647919
IVD2,6.578859839,-21.4350142
IVD3,6.530734482,-21.20331798
IVD5,6.718754198,-20.60550649
IVD6,7.124184335,-20.04533529
IVD8,6.806847627,-18.10111137
IVD9,6.804845503,-18.91356073
IVE1,7.268337366,-19.7414699
IVE2,6.966016483,-18.70476749
IVE3,6.794834885,-18.02875371
IVE5,7.885993612,-20.40500479
IVE6,6.708152022,-21.90936318
IVE7,7.493157141,-19.83413627
IWE1,5.206807547,-13.42637395
IWE2,5.459014712,-14.87592579
IWE3,4.828428421,-13.81281442
IWE4,5.214224154,-12.47497037
IWE5,5.569078103,-13.97497322
IWE6,4.707860335,-15.89557797
IWE7,4.461154849,-15.40123759
IWE8,4.228258627,-14.91604473
IWE9,4.646370602,-15.80501257
IWF1,6.046590328,-20.84527175
IWF2,6.663346869,-21.14440102
JYF8,6.191139371,-14.17941899
JYF9,7.234975313,-13.79200479
JYG2,6.26164183,-14.06299793
JYG3,7.134022224,-14.25103988
JYG4,6.274782009,-13.59751034
JYG6,6.824627524,-14.78323355
JYG7,5.734541797,-14.62150941
JYG8,5.810001639,-13.79104839
JYG9,6.887567036,-15.98689355
JYH1,6.424626385,-17.66827018
JYH4,5.647240003,-13.99549782
JYH5,5.232854599,-12.14089816
JYH6,4.999971376,-13.36835206
JYH8,5.851743494,-14.30317416
JYH9,5.417953796,-12.7247948
JYI1,5.146314073,-14.13020815
JYI3,5.678668535,-14.6555871
JYI4,5.398483662,-13.31939337
JYI5,5.161622313,-14.70563061
JYI6,6.114719674,-14.2363847
JYI9,4.763430419,-15.73921691
JZA1,6.372105873,-16.25137057
JZA2,4.997829038,-15.81313758
JZA4,4.741661489,-15.17519293
JZA5,5.016881551,-15.73083016
JZA6,4.181643215,-16.77290776
JZA8,4.512710614,-14.53017871
JZA9,4.555205647,-14.49742643
JZB1,4.766691926,-15.13660344
JZB2,5.416956266,-15.55178085
JZB4,5.039735915,-12.91673947
JZB5,4.694948197,-13.34551622
JZB6,4.718444536,-14.00827468
LBA3,6.377392331,-21.58420593
JZB8,4.578259072,-13.53266128
JZB9,4.542137698,-13.37822809
JZC1,4.156745509,-14.44771305
JZC2,5.51011983,-14.68002339
JZC4,4.73459896,-14.07477776
JZC5,4.673547162,-13.41472627
JZC6,4.283045737,-13.57879252
JZD4,6.361317893,-17.30778816
KAC6,6.751138951,-17.68377009
KAC7,6.785819848,-17.99121707
KAC8,6.40986937,-18.39521289
KAC9,6.497013882,-18.34238231
KCD1,6.926777782,-18.79663814
KCD2,6.363664791,-17.4926487
KCD3,6.897178951,-18.80764914
KCD4,7.380248466,-18.33553107
KCD7,7.043604618,-21.07589579
KCD8,6.410677962,-21.45229249
KCE1,6.554160037,-19.26599071
KCE2,6.591229154,-17.5705695
KCE3,6.630391646,-16.67776518
KCE4,6.690449113,-15.92729426
KCE7,4.384408075,-14.15349549
KCE9,4.873438119,-14.11127745
KCF1,4.669031074,-15.24255665
KCF2,5.134289616,-14.47848194
KCF4,5.080342995,-14.26148472
KCF5,5.755655063,-12.25100283
KCF6,5.291272109,-11.02848108
KCF8,5.053077278,-13.29468414
KCF9,5.017347981,-14.2930841
KCG1,5.615811213,-13.93262038
KCG4,5.624787536,-18.84622482
KCG5,5.648287807,-19.34512845
KCG6,6.219920612,-18.597354
KCG7,5.472434337,-19.29082834
KCG8,7.178241716,-20.7719002
KCG9,7.261329926,-20.99203317
KCH1,6.266274598,-19.04999833
KCH2,6.182185522,-18.84534148
KCH5,6.488517392,-22.14998199
KCH6,6.547786204,-22.15706286
KCH7,6.969233925,-21.77707676
KCH8,7.417279938,-21.46423324
KCH9,6.945638824,-21.94896214
LNE7,8.736891511,-18.5533691
KCI1,6.785550271,-22.2639582
KCI2,6.53484012,-21.63673004
KCI3,6.922820905,-22.26934469
KCI4,6.598262229,-22.19120242
KCI5,6.708811701,-22.21067291
KDF8,3.226604949,-12.98497057
JUH5,8.106183441,-21.61940158
JUH6,7.70690738,-21.54913556
JUH7,7.739712351,-21.77919725
JUH8,7.961033765,-21.68071496
JUI2,7.494767338,-22.35704932
JUI3,8.149973608,-21.60693886
JUI4,7.060586867,-22.21558149
JUI5,6.826040377,-22.46014881
JUI7,7.55896295,-21.69179982
JUI8,7.321418106,-21.99343285
JVA2,7.997713144,-18.34907442
JVA5,7.263767452,-16.50600539
JVA6,6.859684699,-15.07463668
JVA9,6.765668897,-15.40536486
JVB1,7.325230211,-16.17791952
JVB2,6.847658899,-15.49008427
JVB3,6.812745201,-15.70709702
JVB5,6.334999301,-14.86694173
JVB6,6.679145347,-15.73470019
JVB7,6.850755828,-15.67047055
JVC4,5.996058734,-14.90840644
JVC5,5.647214671,-16.78663925
JVC6,6.923989847,-17.38446731
JVC7,6.071163599,-16.4855982
JVC8,5.652155825,-16.55214496
JVD1,5.676707361,-16.19280502
JVD2,5.921349225,-16.49019337
JVD3,6.007683541,-17.14084055
JVD5,7.054815239,-17.08095578
JVD6,7.59018543,-17.48371963
JVE2,8.098309614,-21.22053372
JVE4,7.896912014,-21.55453323
JVE6,8.25293527,-20.96576947
JVE7,8.130518774,-21.07219027
JVE9,8.076086014,-20.94798443
JVF1,7.713034975,-21.47654076
JVF3,7.979471084,-21.74416584
JVF5,7.910485954,-21.01496717
JVF6,7.974429203,-21.04382941
JVF7,7.089471739,-20.75848726
JVG1,5.956407166,-23.40093073
JVG2,5.709863379,-23.85846369
JVG3,5.933388323,-23.35606424
JVG4,6.2923568,-23.33260543
JVG5,5.608609256,-22.75636503
JVG6,5.564021137,-23.60799213
JVG7,6.0308826,-23.26865641
JVG8,5.84182176,-23.93105001
JVG9,5.879009461,-23.68711708
JVH1,5.796126664,-22.4881413
JXA1,6.693272418,-18.48868679
JXA2,6.472641493,-18.04726329
JXA3,6.833182024,-18.67968096
JXA5,7.180410365,-18.68158378
JXA6,6.806940115,-18.15780211
JXA8,6.724310255,-18.84157157
JXA9,6.75062061,-18.50325345
JXB2,6.757941385,-19.30523043
JXB3,6.75045619,-18.07305113
JXB4,6.551513286,-16.97196861
KCD6,6.673587201,-20.45135488
KEH1,6.318054834,-14.32126831
JXB6,7.26699202,-20.69254322
JXB7,7.310867696,-21.22643947
JXB8,7.644921139,-21.21825716
JXB9,7.316850742,-21.24689527
JXC2,7.145336736,-21.10165912
JXC3,7.393470245,-21.31757604
JXC4,7.096154585,-21.41368736
JXC6,6.852896472,-21.58730625
JXC7,7.537623367,-21.21422986
JXC9,7.739838245,-20.61274103
JXD2,5.444626869,-15.67749249
JXD5,8.60339002,-20.14294779
JXD6,8.016668345,-19.69768977
JXD8,7.523537297,-20.20582912
JXD9,8.063885712,-20.15798727
JXE1,6.770947462,-20.66981509
JXE3,7.100249514,-21.47706229
JXE4,7.060360282,-21.39381622
JXE5,7.033407647,-21.49364282
JXE7,6.515580814,-20.14198234
JXF1,4.89378425,-12.1231036
JXF2,5.992506076,-15.06198751
JXF3,5.584379639,-14.40063672
JXF5,6.122409167,-14.35783744
JXF6,6.04177821,-15.29330743
JXF7,6.113681155,-15.694518
JXF9,6.224772328,-15.50097991
JXG1,6.221274984,-16.6586561
JXG3,5.851612239,-15.47490417
JXG4,6.614184513,-14.8940167
JXG5,8.151272827,-20.75089138
JXG6,8.085734265,-20.6674315
JXG7,8.34145416,-20.17452379
JXG9,8.124542851,-20.68875473
JXH1,8.385525008,-19.93887975
JXH4,4.288375671,-14.86509064
JXH5,4.451286491,-13.76911085
JXH6,4.043219394,-13.87382747
JXH7,3.740792458,-14.76169896
JXI1,4.768876424,-14.25973187
JXI7,7.6099,-21.4767
JXI8,7.713522128,-21.0313551
JXI9,7.537118548,-22.04910673
JYA1,7.648646082,-21.88426183
JYA2,7.426807589,-21.65312176
JYA3,7.507709311,-21.86461056
JYA4,7.484373019,-22.21047394
JYA5,7.491800381,-21.9161843
JYA6,7.347874792,-21.87732339
JYA7,7.419806709,-22.01996382
JYC1,8.878563164,-20.80219642
JYC2,8.411017713,-20.05213
JYD1,7.215777757,-19.4796056
JYD2,7.700103383,-20.72250046
JYF4,7.787449731,-21.317663
JYF5,8.549133278,-21.39947266
JYF6,8.135331972,-20.97048084
JZC8,3.859467702,-13.44400914
JZC9,4.35360093,-15.35845627
JZD1,4.121359024,-14.37275538
JZD2,4.095664098,-14.27132685
JZD7,8.610440282,-20.39422282
JZD8,7.849955298,-20.54556296
JZD9,7.849955298,-20.51972516
JZE1,8.276408881,-19.73940277
KAC4,8.494041787,-21.19256528
KAC5,8.555056526,-21.33419184
KAD1,8.555341418,-19.98170434
KAD2,8.397426211,-21.21526009
KAD3,8.694467572,-21.20857508
KAD4,8.161764232,-21.2021061
KAD5,8.44627834,-21.16389767
KAD8,8.079833909,-21.25746024
KAD9,8.191421527,-21.26241209
KAE4,8.03594681,-17.26062282
KAE5,9.291256168,-20.40207093
KAE6,7.574989537,-17.41894583
KAG4,8.799204203,-20.36035767
KAG6,11.27365637,-19.47164359
KAG9,8.233336107,-21.06552367
KDF2,8.165026823,-21.01894116
KDF3,7.983295213,-21.30339458
KDF4,8.368944897,-20.64766917
KDF5,8.636279931,-21.21159575
KDF6,4.151700633,-13.52269902
KDF9,9.059341417,-20.60665542
KDG1,8.957990866,-21.2102153
KDG3,8.095547228,-21.27344991
KDG4,8.076180608,-21.4018665
LCG7,7.577867817,-19.28782776
LEG1,4.916591928,-14.69310405
LEG2,4.140697712,-13.6627611
LEG3,4.436117468,-12.83112624
LEG4,4.221767007,-12.76020214
LEG5,4.213267674,-11.29242737
LEG6,4.19350239,-10.75868198
LEG7,4.161877916,-10.69949249
LEG8,4.455391666,-11.98572219
LEG9,4.399413863,-12.71670439
LEH1,4.262506618,-12.32380724
LED4,5.245956221,-16.32498051
LED5,5.788119271,-17.71308226
LED6,5.710337494,-17.1031837
LED7,5.709982253,-16.3156445
LED8,5.325835291,-18.40024624
LEE4,5.316002148,-17.9904363
LEE5,5.426343442,-18.73503111
LEE6,4.79002717,-19.10128302
LEE7,8.643760468,-18.04973318
KFD6,6.560229227,-20.60958945
KFD7,6.726462793,-20.64729358
KFD8,6.618846645,-20.51380059
KFD9,6.772087341,-20.37317438
KFE2,6.584047241,-20.53140904
KFE3,6.161091619,-21.47211676
KFE4,5.897236342,-21.55868665
KFE5,5.47526216,-20.88510941
KFE6,6.407157431,-21.09837896
KFF2,6.431671607,-15.06168493
KFF3,5.153419236,-15.29473631
GPH6,6.83924451,-19.92417233
GPH8,4.89958316,-15.18010634
GPH9,4.849965036,-14.8923042
GPI1,5.849970133,-15.15901781
GPI2,5.192357395,-14.93707828
GPI3,4.871131569,-15.69002995
GPI4,4.271917441,-16.3240712
GPI5,4.27461758,-16.44984803
GPI6,5.565002279,-13.27320367
IPA1,3.432570693,-12.73262358
IPA3,6.615108751,-12.52706664
IPA4,4.951478344,-16.34247025
IPA6,4.956298752,-14.13347818
IPA8,9.126012531,-14.34632891
IPA9,7.212164938,-13.78630059
IPB1,5.980396656,-21.25395597
IPB3,6.723393561,-18.11101426
IPB4,8.024844607,-19.0366466
IPB5,4.48939586,-13.53156186
IPB7,4.462937446,-14.04440977
IPB8,4.453962876,-15.06515395
IPB9,4.636445801,-15.1899343
IPC2,7.1269583,-15.65604181
IPC3,6.307228262,-16.22611771
IPC6,6.200750168,-16.54123701
IPC8,6.271676686,-18.26118072
IPC9,6.293974623,-15.66746599
IPD1,5.860159289,-15.31508549
IPD2,6.345580158,-16.99116031
IPD3,6.158975884,-16.7316522
IPD8,7.167913696,-18.74582429
IPD9,6.958865112,-18.7062855
IPE2,7.346436676,-18.75557485
IPE4,6.171398752,-18.77767564
IPE5,6.969420854,-20.78457941
IPE6,7.181416151,-19.5666964
IPE8,9.294531515,-14.99434938
IPE9,9.495001449,-15.47956696
IPF2,4.726646283,-15.05868953
IPG1,9.222357787,-14.7754341
IPG2,7.948598924,-19.17642395
IPG4,6.286544557,-16.19511577
IPG5,7.783716193,-17.7131738
IPG7,6.692064792,-17.62944254
IPG8,6.391919801,-19.07249689
IPG9,7.397873177,-18.29086552
IPH1,5.89155995,-21.89503618
IPH3,6.168227316,-18.47000822
IPH4,5.686020604,-17.14429356
IPH5,7.578913251,-17.49581622
LNF5,7.289676072,-18.03850869
IPH7,6.79498465,-19.10002617
IPH8,5.628014139,-15.57778952
IPI1,5.943216834,-16.89146155
IPI2,7.213620327,-15.04553916
IPI3,6.724035854,-16.7383916
IPI4,6.801215001,-16.75859697
IPI6,6.808291769,-17.01561403
IPI7,7.078526047,-17.18539713
IPI8,6.931941402,-17.09436884
IQA6,6.297448673,-15.68068053
IQA7,6.12153458,-18.25081135
LNF6,4.569459458,-13.22510849
IQB1,6.32395492,-21.91887912
IQB2,6.53397622,-21.0452617
IQB3,6.226718478,-22.53655321
IQB4,6.183624596,-22.61887617
IQB5,6.007217338,-22.45742526
IQD5,6.560558354,-18.72740708
IQD6,5.364959103,-18.66096733
IQD7,7.985078578,-19.13830455
IQE1,6.480491825,-21.66686468
IQE2,6.712392771,-21.62593451
IQE3,6.705992092,-21.52437127
IQE6,6.486608809,-21.87120402
IQE7,6.213664096,-22.27593708
IQF1,6.829116769,-13.01538316
IQF2,6.527700799,-21.52452147
IQF3,6.593084852,-21.6882877
IQF5,3.30137235,-9.46684752
IQF6,6.789112996,-13.04100271
IQF7,6.080240515,-11.75837597
IQF8,8.19120704,-19.97866697
IQF9,5.705580837,-16.50446461
IQG1,5.806111003,-15.64875577
IQG3,5.52773182,-17.22123051
IQG4,5.353327762,-18.78354548
IQG5,6.106564185,-16.79914448
IQG6,5.673393078,-19.09251987
IQG7,6.023160998,-16.16005505
IQG8,6.607859703,-19.5654289
IQH2,6.083707239,-16.08383949
IQH3,5.222832174,-20.56954557
IQH4,5.51008405,-20.47480638
IQH6,6.538515728,-14.83938284
IQH7,6.10265692,-18.8201664
IQH8,5.903939697,-22.46811653
IQH9,7.846350379,-19.20745249
IQI1,3.493313995,-11.10270084
IQI2,6.120240064,-17.55469105
IQI3,6.754397636,-17.05799816
IQI6,7.25525677,-15.85624959
IQI7,6.576517203,-16.84224137
IQI8,7.105458922,-13.15933222
IQI9,7.164272052,-13.28047569
ISD4,6.793208097,-16.55269008
ISD5,6.361706057,-21.19022403
ISD6,6.285978968,-20.51964536
ISD7,5.843834872,-21.01054607
ISE1,7.326822487,-18.20614131
ISE2,5.119265842,-15.37891028
ISE3,5.105678709,-15.83042997
ISE4,4.775182245,-14.31725468
ISE7,6.383006342,-17.67945718
ISE8,5.638112378,-18.84531749
ISF1,6.328562978,-21.38926191
ISF4,6.108274511,-16.02765676
ISF5,5.687075316,-13.39926268
ISF6,7.715073147,-17.41354759
ISF7,6.504543612,-18.62689823
ISF8,6.602787395,-21.25845304
ISF9,6.276924699,-20.87943104
ISG4,7.308970418,-16.30920494
ISG5,6.58181659,-21.30551025
ISG6,6.463834357,-21.89035127
ISG7,6.11332822,-22.71715521
ISG8,5.794756263,-22.99081145
ISH1,7.69786204,-18.71253504
ISH2,6.796325676,-18.64491812
ISH3,6.18210476,-18.91805517
ISH4,7.797567908,-18.87447217
ISH5,6.833563283,-17.06917602
ISH6,6.509030039,-17.36964657
ISH7,6.59723558,-21.10255476
ISH8,6.655073293,-20.71900024
ISI1,6.053722059,-19.98373713
ITD4,6.907501757,-21.46556642
ITF5,7.007004494,-21.24835569
ITF6,6.998289422,-21.41717605
ITF7,6.604281232,-21.89044203
ITG7,7.152747868,-20.03803876
ITG8,5.84671867,-13.18513211
ITG9,5.703963094,-16.09360277
IUA8,7.758524081,-18.87186728
IUA9,7.853798292,-18.87501857
IUB1,7.951057244,-18.7090498
IUB2,8.256488607,-19.30035537
IUB3,6.75340243,-20.1413271
IUB4,7.825017555,-18.40756802
IUB5,7.141863709,-18.24932235
IUC2,6.187365393,-15.1222135
IUC3,5.6,-15.5
IUC6,6.23610332,-16.13513965
IUC7,6.5,-15.8
IUD2,6.118992607,-16.58483257
IUD3,7.4,-17.4
IUD4,7.413153937,-19.84241594
IUD5,7.440942405,-19.48424797
IUD6,8.182294801,-19.59138457
IUE1,7.668429803,-19.9133097
IUE2,7.215530387,-19.42756585
IUG8,6.387622799,-17.6861811
IUG9,6.888942767,-16.53824367
IUH1,4.350378021,-12.44609972
IUH2,3.678513884,-11.43097462
IUH7,8.204459733,-19.87760275
IUH8,8.473849882,-19.16173047
IUH9,8.646235561,-19.45140802
IYA9,7.139353689,-16.64025019
IYB1,6.851170271,-15.33823882
IYB2,6.304593413,-19.10867816
IYB3,6.988826025,-18.40258629
IYB5,6.664698647,-17.36438534
IYB6,6.874105283,-19.90397231
IYB7,7.241464963,-15.37365649
IYB8,6.40519448,-16.21181434
IYB9,7.44452447,-16.20109101
IYC1,7.160065896,-14.97563988
IYC2,7.334799883,-16.06441955
IYC3,7.041630592,-13.47267029
IYC4,7.514291285,-13.13105851
IYC5,6.461447767,-12.50377194
IYC6,6.125856964,-12.99597294
IYC7,7.88886203,-17.63938143
IYC8,6.707820648,-14.96563285
IYC9,6.245421788,-18.01239601
IYD1,5.009740928,-11.00453912
IYD2,4.377319182,-11.06836372
IYD3,4.949171175,-17.81816346
IYD4,4.500009403,-11.78855328
IYD5,4.644148602,-10.98063923
IYD7,6.449276837,-13.8940883
IYD8,5.756662378,-20.044384
IYE2,7.372942398,-12.68435017
IYE3,5.754983851,-11.44407906
IYE5,5.251702441,-15.13981761
IYE7,6.075427163,-19.02271315
IYE8,5.672727148,-18.64625479
IYE9,5.0350564,-12.4686372
IYF1,7.303253359,-16.81487662
IYF2,6.989030785,-17.24962226
IYF4,4.857912761,-12.13656887
IYF5,7.052583164,-17.66565904
IYF6,6.998205959,-16.43530783
IYF7,4.421056119,-13.40823454
IYF8,4.85378053,-15.63041799
IYF9,7.788672078,-14.14085416
IYG1,6.896761085,-16.53027722
IYG2,7.403480877,-16.48125049
IYG3,7.694790368,-14.76713069
IYG4,6.282499963,-10.613081
IYG5,4.482074634,-11.47632462
IYG6,4.725116783,-12.68614505
IYG7,6.399391779,-17.96266261
IYG8,4.644559624,-15.76171605
IYG9,4.499406424,-15.41847777
IYH5,6.544928766,-20.85470071
IYH7,6.989081257,-15.35795995
IYH8,6.295107631,-17.6865849
IYH9,6.574729716,-18.37179244
IYI1,6.224413414,-20.34884691
IYI2,6.112872265,-21.79290081
IYI3,6.896415369,-13.40665323
IYI4,6.43468906,-14.63688496
IYI5,6.164277997,-15.32101677
IYI6,5.830488235,-22.15453499
IYI7,6.770304905,-14.55117479
IYI8,6.771064496,-16.33281568
JAB9,6.211981444,-17.39097787
JAC9,7.453913368,-19.0367139
JAD1,8.351392851,-18.97977574
JAG6,6.41978058,-16.04180503
JAG7,6.569107304,-17.26815421
JAG8,6.148031773,-16.4889868
JAG9,6.087928333,-16.06400511
JAH2,6.313758277,-17.06410385
JAH3,5.831609924,-16.96440781
JAH9,6.836048257,-19.95820333
JAI1,6.151746351,-20.74427101
JAI2,5.977581941,-21.60387308
JAI3,6.427935429,-20.89814054
JAI9,7.99310751,-18.88772014
JCA2,5.751351779,-9.29444137
JCA5,6.226893404,-20.19250328
JCA6,5.422640952,-20.63978055
JCA7,6.878104499,-18.90054512
JCA8,6.123093034,-20.44325916
JCA9,5.812811114,-20.53671519
JCB1,6.32478901,-19.94414174
JCB2,6.945758047,-18.71306155
JCB3,5.561513696,-19.55669389
JCB7,7.565653146,-17.2824159
JCB8,5.814374097,-19.37138043
JCB9,5.655966212,-19.05515505
JCC1,5.740500204,-19.33632379
JCC2,5.967999993,-18.61878774
JCC3,6.087525613,-19.20373343
JCF6,8.154470999,-18.51202874
JCF7,7.366245059,-15.60375962
JCF8,6.387648541,-16.77630057
JCF9,6.334346719,-18.42981752
JCG1,6.511534498,-18.46599543
JCG2,4.971259433,-12.95159867
JCG3,4.881419969,-13.99917164
JCG4,4.548587758,-14.24638119
JCG5,4.60604837,-14.99537883
JCG6,4.914411511,-14.27012304
JCG7,4.445884791,-13.86433429
JCG8,4.728171781,-12.78597871
JCG9,5.12960608,-12.14854881
JCH1,5.024776564,-13.08722235
JCH2,4.532641161,-13.51708276
JCH4,4.561228069,-14.12859047
JCH5,7.323028751,-17.07558584
JCH6,5.817585743,-17.22201953
JCH7,4.526072669,-12.64947133
JCH8,6.681567767,-16.36497341
JCH9,7.55822258,-15.67926497
JCI1,5.630000258,-17.3247774
JCI2,6.481502666,-19.27015639
JCI3,6.361375359,-18.88255202
JCI4,6.545245764,-17.13027239
JCI5,7.515223186,-15.41830435
JCI6,6.601357727,-16.90222646
JCI7,4.664313836,-13.87959559
JCI8,4.341899383,-12.95975401
JDA1,3.922693208,-8.969204256
JDA2,4.950453977,-9.31669365
JDA3,4.418070937,-9.7395913
JDA4,3.64382063,-8.854053811
JDA5,3.671130437,-9.365607113
JDA6,4.839169633,-11.04488104
JDA7,4.310735984,-9.608413207
JDA8,4.287392276,-10.83713403
JDA9,5.210720092,-11.12603585
JDB1,4.057126003,-11.72144451
JDB2,7.920379152,-20.49314902
JDB4,4.544448854,-17.39180059
JDB5,8.466882937,-21.36343561
JDB6,8.434837734,-21.85399295
JDB7,9.590481763,-16.97955315
JDB8,6.818676471,-15.31870748
JDB9,7.933193366,-17.48415925
JDC1,4.988913354,-13.3558015
JDC2,5.536413411,-17.14376918
JDC3,7.798407763,-16.89497723
JDC4,7.193908099,-15.68573435
JDC7,6.445222238,-12.77339416
JDC8,7.355785404,-17.15003525
JDC9,5.925939315,-13.19378889
JDD2,5.831824757,-8.209653047
JDD6,6.324336113,-18.73267566
JDD9,8.080649587,-16.56711793
JDE1,6.993540815,-16.28867761
LBA1,6.696285473,-21.18257561
LBA2,6.560586495,-21.0209706
LBA4,6.315326567,-21.03543929
LBA5,6.615956163,-19.8899078
LBA6,6.525993851,-18.1661154
LBA7,6.839784982,-20.98120578
LBA8,5.953943827,-21.16565691
LBC5,7.046172365,-19.58246112
LBC6,7.043953085,-19.94569625
LBC7,6.434357669,-19.65418435
LBC8,6.897341846,-18.67980067
LBC9,6.912051278,-18.79485597
LBD1,6.469489934,-20.69748833
LBD2,7.258237503,-19.44088445
LBF3,7.081538321,-20.08603527
LDB9,6.66806589,-19.13344095
LDC1,7.112371351,-19.09514762
LDC2,6.945292408,-18.07920087
LHH9,7.779921403,-18.21061112
LHI1,6.703321556,-17.54531918
LHI2,7.60107369,-18.54398417
LDE8,6.39294193,-20.14045336
LDE9,6.169416335,-18.44332178
LDF1,6.830219815,-18.01310539
LDF2,7.077784732,-17.84398771
LDF3,6.926069888,-17.58019897
LDF4,6.737265368,-17.85403675
LDF5,7.379590832,-18.58169888
LDF6,7.213031329,-18.3702741
LDF7,7.083023894,-17.88018495
LDF8,7.788029687,-18.31157641
LDF9,8.208878949,-18.48622957
LDG1,7.535101136,-17.14131464
LDG2,7.301756038,-16.12594198
LDG3,6.967713148,-14.75223793
LDG4,7.003415965,-15.83589556
LDG5,6.779650794,-15.4565763
LDG6,6.854038768,-15.97121036
LDG7,7.510926729,-15.58491474
LDG8,6.670426736,-17.4365074
LDG9,7.022788754,-15.86980832
LDH1,7.152698315,-15.41355947
LDH2,6.896195444,-15.6188025
LDH3,7.203111866,-17.79980157
LDH4,7.076517412,-17.13428841
LDH5,6.296546524,-13.4545156
LDH6,6.59819359,-13.87643117
LDH7,6.853924809,-19.42843122
LDH8,3.512708812,-13.62781123
LGG4,7.419417041,-20.26908463
LGG5,5.168886145,-20.65822786
LGG6,6.097904017,-20.60660252
LGG7,6.59887158,-20.30639283
LGG8,5.87574646,-20.01431427
LGG9,5.828288937,-19.85538294
LGH1,7.490924785,-15.44351765
LGH2,7.970512692,-16.3000754
LGH3,6.9260736,-15.82473996
LGH4,7.766413092,-16.63296928
LGH5,7.215310113,-14.27967533
LGH6,6.384297973,-10.71160217
LGH7,7.786836911,-15.929238
LGH8,7.39379401,-15.34889102
LGH9,7.034080157,-14.71322806
LGI1,7.162447725,-14.98852421
LGI2,6.620022266,-15.67194685
LGI3,7.203139613,-15.44306909
LGI4,6.748910448,-12.97200809
LGI5,6.680881616,-13.7114262
LGI6,6.617118902,-12.53070281
LGI7,6.889906053,-13.63279935
LGI8,6.727456859,-12.86259632
LGI9,7.313873309,-21.51023679
LHA1,6.882940767,-20.43523564
LHA2,6.584145702,-20.99482964
LHA3,6.591905833,-20.66651716
LHA4,6.650339697,-20.76047023
LHA5,6.951943832,-20.84768052
LHA6,6.976669163,-20.57936349
LHA7,6.661736167,-20.60573861
LHA8,6.496302432,-20.43165046
LHA9,6.833360926,-20.49433943
LHB1,4.865516931,-12.09880044
LHB2,5.074024844,-12.99846091
LHB3,4.259716056,-11.40340028
LHB4,4.64118384,-13.29079409
LHB5,5.447591576,-11.96669955
LHB6,6.133421479,-10.95421602
LHB7,6.903153361,-14.64805343
LHB8,7.293634635,-14.57408768
LHB9,6.41695281,-11.13144624
LHC1,7.50640336,-18.06409464
LHC2,6.845886865,-17.45096371
LHC3,6.565244862,-16.75080571
LHC4,6.984685691,-17.45843843
LHC5,6.693493999,-17.6762166
LHC6,7.652973374,-18.87651252
LHC7,6.159675463,-16.8860247
LHC8,6.56749774,-16.96571501
LHC9,6.835444853,-18.56897484
LHD1,6.817921264,-16.51336415
KYC2,6.854802279,-18.61636583
KYC3,7.636697976,-19.54062648
KYC4,7.010366493,-19.64660565
KYC5,7.31552382,-18.5083486
KYC6,6.816122679,-20.46183003
KYC7,6.987823149,-18.85743399
KYC8,7.2,-20.7
KYC9,7.3,-21.3
KYD1,7.436962469,-20.69901981
LGE2,6.614563684,-19.40870355
LGE3,7.023679946,-19.47201851
LGE4,7.032128829,-18.91775529
LGE5,6.941071175,-18.71450695
LGE6,6.927117861,-19.2765802
LGE7,6.680084966,-19.1017869
LGE8,6.506872466,-19.11391831
LGE9,6.973216153,-19.30659652
LGF1,6.752891823,-18.6546018
LGF2,6.49610724,-17.88721607
LJC6,7.272367491,-20.0838669
LJC7,7.179745242,-20.48986027
LJC8,7.011923003,-20.44752709
LJD1,6.767614529,-16.30024331
MPB2,6.102286731,-18.75002802
MOD4,8.868197954,-19.25700704
MOD7,7.004314677,-21.93989857
MOD8,7.417315319,-21.78892488
MOD9,7.324030145,-22.1024633
MOE1,7.580180507,-21.12978941
MOE2,8.098404573,-20.25056085
MOE5,7.884040092,-20.3568116
MOE6,7.442313645,-20.1175649
MOE7,8.067751014,-20.38864058
MOE8,8.33779648,-20.79259613
MOH3,4.618194678,-12.0001714
LNH3,7.257969288,-18.83280575
LNH9,8.775275808,-19.89774475
LPA4,5.00037403,-8.238360926
LOE1,9.018705248,-19.46338049
LNH7,8.697815438,-19.47779652
JAD4,8.68446462,-15.8903219
JAD9,9.331500329,-17.46359776
IQA9,6.417270068,-22.50235489
IVF7,5.910186692,-23.95121797
IOA1,6.806705485,-22.07789936
IOA2,7.100133951,-21.98991446
IWA5,7.255347117,-21.97771408
ONE8,7.26381042,-19.79627075
ONE9,6.937522348,-21.25545606
ONF1,7.390060875,-21.48432725
OMF6,7.365283309,-21.60484859
OMF7,7.339253521,-21.32543366
OMF8,7.081836176,-21.46259383
OMF9,7.152712318,-21.39146599
OMG1,5.941051184,-22.16172171
OMG2,7.028702262,-21.27685059
OMG3,6.491439193,-21.82748839
OMG4,6.553416608,-21.80585518
OMG5,7.089718494,-21.45325385
OMG6,4.170830665,-19.24290994
ILI4,5.863470718,-20.91520355
OME9,4.880536156,-18.06724599
OMH4,5.605675576,-22.64773282
OMH5,5.821917479,-22.555989
OMH6,6.192420384,-21.31972566
OMH7,5.513653778,-22.15579457
OMH8,5.741762527,-22.55277613
OMH9,5.497191496,-21.90115533
OMI1,5.626093298,-22.54149435
ONE7,6.56208126,-21.67922844
OMH3,6.293255348,-21.54238928
LCC8,6.259093144,-22.18060921
JBB7,7.789330298,-20.68624146
KFE1,6.505883018,-21.23221708
LHD9,5.344079665,-14.11751171
LHE1,4.411777012,-12.68890902
LHE2,4.743962142,-12.66100087
LHE3,4.547299597,-15.00982802
LHE4,3.950388645,-13.30136072
LHE5,4.345826108,-16.41956352
LHE6,4.131241684,-14.82071814
LHE7,4.54874299,-13.654291
LHE8,4.278424064,-15.50014501
LHE9,4.804245454,-15.85496486